"File","Line","Text"
"C:\spring_workspace\GourmetPass\src\main\webapp\WEB-INF\views\book\manage.jsp","10","<%-- ?몃? ?ㅽ????쒗듃濡??꾩쟾 遺꾨━ [manage.css] --%>"
"C:\spring_workspace\GourmetPass\src\main\webapp\WEB-INF\views\book\manage.jsp","18","<div class=""edit-title"">?숋툘 ?ㅼ떆媛?留ㅼ옣 愿由??쇳꽣</div>"
"C:\spring_workspace\GourmetPass\src\main\webapp\WEB-INF\views\book\manage.jsp","20","<%-- 1. ?ㅼ떆媛??⑥씠???뱀뀡 --%>"
"C:\spring_workspace\GourmetPass\src\main\webapp\WEB-INF\views\book\manage.jsp","22","<%-- [濡쒖쭅 援먯젙] ?ㅼ젣 ?낆옣 ?湲?以묒씤(WAITING, CALLED) ?留??⑹궛 --%>"
"C:\spring_workspace\GourmetPass\src\main\webapp\WEB-INF\views\book\manage.jsp","32","<h3 class=""card-title-wait"">?슯 ?ㅼ떆媛??⑥씠???꾪솴</h3>"
"C:\spring_workspace\GourmetPass\src\main\webapp\WEB-INF\views\book\manage.jsp","33","<span class=""badge-wire"">?낆옣 ?湲?<b>${realWaitCount}</b>?"
"C:\spring_workspace\GourmetPass\src\main\webapp\WEB-INF\views\book\manage.jsp","41","<th class=""col-num"">踰덊샇</th>"
"C:\spring_workspace\GourmetPass\src\main\webapp\WEB-INF\views\book\manage.jsp","42","<th class=""col-userid"">怨좉컼ID</th>"
"C:\spring_workspace\GourmetPass\src\main\webapp\WEB-INF\views\book\manage.jsp","43","<th class=""col-people"">?몄썝</th>"
"C:\spring_workspace\GourmetPass\src\main\webapp\WEB-INF\views\book\manage.jsp","44","<th class=""col-status"">?곹깭</th>"
"C:\spring_workspace\GourmetPass\src\main\webapp\WEB-INF\views\book\manage.jsp","45","<th class=""col-action"">?곹깭 ?쒖뼱</th>"
"C:\spring_workspace\GourmetPass\src\main\webapp\WEB-INF\views\book\manage.jsp","50","<%-- 愿由?醫낅즺??嫄댁? ?쒖쇅?섍퀬 ?몄텧 --%>"
"C:\spring_workspace\GourmetPass\src\main\webapp\WEB-INF\views\book\manage.jsp","59","<span class=""badge-wire"">?湲곗쨷</span>"
"C:\spring_workspace\GourmetPass\src\main\webapp\WEB-INF\views\book\manage.jsp","62","<span class=""badge-wire badge-called"">?몄텧以?/span>"
"C:\spring_workspace\GourmetPass\src\main\webapp\WEB-INF\views\book\manage.jsp","65","<span class=""badge-wire badge-ing"">?앹궗以?/span>"
"C:\spring_workspace\GourmetPass\src\main\webapp\WEB-INF\views\book\manage.jsp","78","class=""btn-step btn-step-primary"">吏湲??몄텧?섍린</button>"
"C:\spring_workspace\GourmetPass\src\main\webapp\WEB-INF\views\book\manage.jsp","80","class=""btn-step btn-step-danger"">痍⑥냼</button>"
"C:\spring_workspace\GourmetPass\src\main\webapp\WEB-INF\views\book\manage.jsp","84","class=""btn-step btn-step-next"">?낆옣 ?뺤씤</button>"
"C:\spring_workspace\GourmetPass\src\main\webapp\WEB-INF\views\book\manage.jsp","86","class=""btn-step btn-step-danger"">?몄눥 泥섎━</button>"
"C:\spring_workspace\GourmetPass\src\main\webapp\WEB-INF\views\book\manage.jsp","90","class=""btn-step btn-finish"">?앹궗 ?뺤씤</button>"
"C:\spring_workspace\GourmetPass\src\main\webapp\WEB-INF\views\book\manage.jsp","103","<%-- 2. ?ㅻ뒛 ?덉빟 ?뱀뀡 --%>"
"C:\spring_workspace\GourmetPass\src\main\webapp\WEB-INF\views\book\manage.jsp","106","<h3 class=""card-title-book"">?뱟 ?ㅻ뒛 ?덉빟 ?꾪솴</h3>"
"C:\spring_workspace\GourmetPass\src\main\webapp\WEB-INF\views\book\manage.jsp","110","<%-- ?넅 ?좎쭨 ?좏깮 ?꾪꽣 --%>"
"C:\spring_workspace\GourmetPass\src\main\webapp\WEB-INF\views\book\manage.jsp","112","<h3 style=""margin: 0 0 15px 0; font-size: 18px;"">?뱠 ?좎쭨蹂??덉빟 議고쉶</h3>"
"C:\spring_workspace\GourmetPass\src\main\webapp\WEB-INF\views\book\manage.jsp","115","<label for=""book_date"" style=""font-weight: 800;"">?덉빟 ?좎쭨:</label>"
"C:\spring_workspace\GourmetPass\src\main\webapp\WEB-INF\views\book\manage.jsp","121","<button type=""submit"" class=""btn-filter"">議고쉶</button>"
"C:\spring_workspace\GourmetPass\src\main\webapp\WEB-INF\views\book\manage.jsp","126","?뱦 <fmt:parseDate value=""${selected_date}"" pattern=""yyyy-MM-dd"" var=""parsedDate""/>"
"C:\spring_workspace\GourmetPass\src\main\webapp\WEB-INF\views\book\manage.jsp","127","<fmt:formatDate value=""${parsedDate}"" pattern=""yyyy??MM??dd??/> ?덉빟 ?꾪솴"
"C:\spring_workspace\GourmetPass\src\main\webapp\WEB-INF\views\book\manage.jsp","136","<th class=""col-num"">?쒓컙</th>"
"C:\spring_workspace\GourmetPass\src\main\webapp\WEB-INF\views\book\manage.jsp","137","<th class=""col-userid"">怨좉컼ID</th>"
"C:\spring_workspace\GourmetPass\src\main\webapp\WEB-INF\views\book\manage.jsp","138","<th class=""col-people"">?몄썝</th>"
"C:\spring_workspace\GourmetPass\src\main\webapp\WEB-INF\views\book\manage.jsp","139","<th class=""col-status"">?곹깭</th>"
"C:\spring_workspace\GourmetPass\src\main\webapp\WEB-INF\views\book\manage.jsp","140","<th class=""col-action"">?곹깭 ?쒖뼱</th>"
"C:\spring_workspace\GourmetPass\src\main\webapp\WEB-INF\views\book\manage.jsp","152","${book.book_status == 'RESERVED' ? '?덉빟?뺤젙' : (book.book_status == 'ING' ? '?앹궗以? : book.book_status)}"
"C:\spring_workspace\GourmetPass\src\main\webapp\WEB-INF\views\book\manage.jsp","165","class=""btn-step btn-step-next"">?낆옣 ?뺤씤</button>"
"C:\spring_workspace\GourmetPass\src\main\webapp\WEB-INF\views\book\manage.jsp","166","<!-- ?몄눥 踰꾪듉??pay_id瑜??ｌ뼱 ?섎텋湲곕뒫???섍린 ?꾪빐 javascript??蹂대깂 -->"
"C:\spring_workspace\GourmetPass\src\main\webapp\WEB-INF\views\book\manage.jsp","168","class=""btn-step btn-step-danger noshow-btn"" data-payid=""${book.pay_id}"">?몄눥 泥섎━</button>"
"C:\spring_workspace\GourmetPass\src\main\webapp\WEB-INF\views\book\manage.jsp","172","class=""btn-step btn-finish confirm-btn"" data-payid=""${book.pay_id}"">?앹궗 ?뺤씤</button>"
"C:\spring_workspace\GourmetPass\src\main\webapp\WEB-INF\views\book\manage.jsp","175","<span class=""management-end"">愿由?醫낅즺</span>"
"C:\spring_workspace\GourmetPass\src\main\webapp\WEB-INF\views\book\manage.jsp","188","<%-- ?ㅽ겕由쏀듃 諛?WebSocket ?ㅼ젙 --%>"
"C:\spring_workspace\GourmetPass\src\main\webapp\WEB-INF\views\common\footer.jsp","10","<span class=""foot-icon"">?룧</span>"
"C:\spring_workspace\GourmetPass\src\main\webapp\WEB-INF\views\common\footer.jsp","15","<span class=""foot-icon"">?뵇</span>"
"C:\spring_workspace\GourmetPass\src\main\webapp\WEB-INF\views\common\footer.jsp","19","<%-- ?댁슜?꾪솴 ?뱀뀡: 寃쎈줈瑜?/member/wait_status濡??듭씪 --%>"
"C:\spring_workspace\GourmetPass\src\main\webapp\WEB-INF\views\common\footer.jsp","22","<span class=""foot-icon"">?뱟</span>"
"C:\spring_workspace\GourmetPass\src\main\webapp\WEB-INF\views\common\footer.jsp","23","<span class=""foot-label"">?댁슜?꾪솴</span>"
"C:\spring_workspace\GourmetPass\src\main\webapp\WEB-INF\views\common\footer.jsp","30","<span class=""foot-icon"">?뱟</span>"
"C:\spring_workspace\GourmetPass\src\main\webapp\WEB-INF\views\common\footer.jsp","31","<span class=""foot-label"">?댁슜?꾪솴</span>"
"C:\spring_workspace\GourmetPass\src\main\webapp\WEB-INF\views\common\footer.jsp","36","<span class=""foot-icon"">?숋툘</span>"
"C:\spring_workspace\GourmetPass\src\main\webapp\WEB-INF\views\common\footer.jsp","42","<%-- 留덉씠?섏씠吏/濡쒓렇???뱀뀡 --%>"
"C:\spring_workspace\GourmetPass\src\main\webapp\WEB-INF\views\common\footer.jsp","45","<span class=""foot-icon"">?뫀</span>"
"C:\spring_workspace\GourmetPass\src\main\webapp\WEB-INF\views\common\footer.jsp","46","<span class=""foot-label"">濡쒓렇??/span>"
"C:\spring_workspace\GourmetPass\src\main\webapp\WEB-INF\views\common\footer.jsp","52","<span class=""foot-icon"">?룵</span>"
"C:\spring_workspace\GourmetPass\src\main\webapp\WEB-INF\views\common\footer.jsp","53","<span class=""foot-label"">留ㅼ옣</span>"
"C:\spring_workspace\GourmetPass\src\main\webapp\WEB-INF\views\common\footer.jsp","56","<span class=""foot-icon"">?뫀</span>"
"C:\spring_workspace\GourmetPass\src\main\webapp\WEB-INF\views\main.jsp","9","<%-- [?먯튃 1] ?쒖? ?ㅽ??쇱떆???곌껐: member.css(怨듯넻), main.css(?꾩슜) --%>"
"C:\spring_workspace\GourmetPass\src\main\webapp\WEB-INF\views\main.jsp","14","<%-- 1. 寃???뱀뀡: Bold Wire ?ㅽ????곸슜 --%>"
"C:\spring_workspace\GourmetPass\src\main\webapp\WEB-INF\views\main.jsp","17","<h1 class=""search-title""><spring:message code=""main.hero.title"" text=""?뜶 ?ㅻ뒛 ?대뼡 留쏆쭛???덉빟?좉퉴??"" /></h1>"
"C:\spring_workspace\GourmetPass\src\main\webapp\WEB-INF\views\main.jsp","20","<button type=""submit"" class=""btn-search""><spring:message code=""main.search.btn"" text=""留쏆쭛 寃?? /></button>"
"C:\spring_workspace\GourmetPass\src\main\webapp\WEB-INF\views\main.jsp","24","<%-- 2. 移댄뀒怨좊━ ?뱀뀡: store_list? ?숈씪??Chip ?붿옄??--%>"
"C:\spring_workspace\GourmetPass\src\main\webapp\WEB-INF\views\main.jsp","27","<c:set var=""categories"" value=""?쒖떇,?쇱떇,?묒떇,以묒떇,移댄럹"" />"
"C:\spring_workspace\GourmetPass\src\main\webapp\WEB-INF\views\main.jsp","30","<c:when test=""${cat eq '?쒖떇'}""><c:set var=""catKey"" value=""category.Korean"" /></c:when>"
"C:\spring_workspace\GourmetPass\src\main\webapp\WEB-INF\views\main.jsp","31","<c:when test=""${cat eq '?쇱떇'}""><c:set var=""catKey"" value=""category.Japanese"" /></c:when>"
"C:\spring_workspace\GourmetPass\src\main\webapp\WEB-INF\views\main.jsp","32","<c:when test=""${cat eq '以묒떇'}""><c:set var=""catKey"" value=""category.Chinese"" /></c:when>"
"C:\spring_workspace\GourmetPass\src\main\webapp\WEB-INF\views\main.jsp","33","<c:when test=""${cat eq '?묒떇'}""><c:set var=""catKey"" value=""category.Western"" /></c:when>"
"C:\spring_workspace\GourmetPass\src\main\webapp\WEB-INF\views\main.jsp","34","<c:when test=""${cat eq '移댄럹'}""><c:set var=""catKey"" value=""category.Cafe"" /></c:when>"
"C:\spring_workspace\GourmetPass\src\main\webapp\WEB-INF\views\main.jsp","42","<spring:message code=""main.category.all"" text=""?꾩껜蹂닿린"" />"
"C:\spring_workspace\GourmetPass\src\main\webapp\WEB-INF\views\main.jsp","49","<%-- 3. ?ㅼ떆媛??멸린 留쏆쭛 ?뱀뀡 (TOP 6) --%>"
"C:\spring_workspace\GourmetPass\src\main\webapp\WEB-INF\views\main.jsp","51","<h2 class=""section-title""><spring:message code=""main.section.popular"" text=""?뵦 ?ㅼ떆媛??멸린 留쏆쭛"" /></h2>"
"C:\spring_workspace\GourmetPass\src\main\webapp\WEB-INF\views\main.jsp","57","<%-- ?곗씠???띿꽦???쒖슜??移대뱶 ?명꽣?숈뀡 --%>"
"C:\spring_workspace\GourmetPass\src\main\webapp\WEB-INF\views\main.jsp","68","<button type=""button"" class=""favorite-toggle"" data-store-id=""${store.store_id}"">?쨳</button>"
"C:\spring_workspace\GourmetPass\src\main\webapp\WEB-INF\views\main.jsp","73","<c:when test=""${store.store_category eq '?쒖떇'}""><c:set var=""catKey"" value=""category.Korean"" /></c:when>"
"C:\spring_workspace\GourmetPass\src\main\webapp\WEB-INF\views\main.jsp","74","<c:when test=""${store.store_category eq '?쇱떇'}""><c:set var=""catKey"" value=""category.Japanese"" /></c:when>"
"C:\spring_workspace\GourmetPass\src\main\webapp\WEB-INF\views\main.jsp","75","<c:when test=""${store.store_category eq '以묒떇'}""><c:set var=""catKey"" value=""category.Chinese"" /></c:when>"
"C:\spring_workspace\GourmetPass\src\main\webapp\WEB-INF\views\main.jsp","76","<c:when test=""${store.store_category eq '?묒떇'}""><c:set var=""catKey"" value=""category.Western"" /></c:when>"
"C:\spring_workspace\GourmetPass\src\main\webapp\WEB-INF\views\main.jsp","77","<c:when test=""${store.store_category eq '移댄럹'}""><c:set var=""catKey"" value=""category.Cafe"" /></c:when>"
"C:\spring_workspace\GourmetPass\src\main\webapp\WEB-INF\views\main.jsp","84","<%-- 議고쉶??100???댁긽 留ㅼ옣??HOT 諛곗? 遺??--%>"
"C:\spring_workspace\GourmetPass\src\main\webapp\WEB-INF\views\main.jsp","92","<span class=""stat-views"">?? <spring:message code=""main.store.views"" text=""議고쉶?? /> ${store.store_cnt}</span>"
"C:\spring_workspace\GourmetPass\src\main\webapp\WEB-INF\views\main.jsp","100","<spring:message code=""main.list.empty"" text=""?꾩옱 ?깅줉???멸린 留쏆쭛 ?뺣낫媛 ?놁뒿?덈떎."" />"
"C:\spring_workspace\GourmetPass\src\main\webapp\WEB-INF\views\main.jsp","108","<%-- [?먯튃 2] 怨듯넻 ?명꽣?숈뀡 ?ㅽ겕由쏀듃 ?곌껐 --%>"
"C:\spring_workspace\GourmetPass\src\main\webapp\WEB-INF\views\member\find_account.jsp","10","<div class=""edit-title"">?뵊 ?꾩씠??鍮꾨?踰덊샇 李얘린</div>"
"C:\spring_workspace\GourmetPass\src\main\webapp\WEB-INF\views\member\find_account.jsp","13","<h3>?꾩씠??李얘린</h3>"
"C:\spring_workspace\GourmetPass\src\main\webapp\WEB-INF\views\member\find_account.jsp","17","<label>?대쫫</label>"
"C:\spring_workspace\GourmetPass\src\main\webapp\WEB-INF\views\member\find_account.jsp","18","<input type=""text"" name=""user_nm"" required placeholder=""媛?????낅젰???대쫫"">"
"C:\spring_workspace\GourmetPass\src\main\webapp\WEB-INF\views\member\find_account.jsp","21","<label>?대찓??/label>"
"C:\spring_workspace\GourmetPass\src\main\webapp\WEB-INF\views\member\find_account.jsp","25","<button type=""submit"" class=""btn-submit"">?꾩씠??李얘린</button>"
"C:\spring_workspace\GourmetPass\src\main\webapp\WEB-INF\views\member\find_account.jsp","29","<div class=""find-result msg-ok"">?뚯썝?섏쓽 ?꾩씠?붾뒗 <strong>${idResult}</strong> ?낅땲??</div>"
"C:\spring_workspace\GourmetPass\src\main\webapp\WEB-INF\views\member\find_account.jsp","37","<h3>鍮꾨?踰덊샇 ?ъ꽕??/h3>"
"C:\spring_workspace\GourmetPass\src\main\webapp\WEB-INF\views\member\find_account.jsp","41","<label>?꾩씠??/label>"
"C:\spring_workspace\GourmetPass\src\main\webapp\WEB-INF\views\member\find_account.jsp","42","<input type=""text"" name=""user_id"" id=""pw_user_id"" required placeholder=""?꾩씠???낅젰"">"
"C:\spring_workspace\GourmetPass\src\main\webapp\WEB-INF\views\member\find_account.jsp","45","<label>?대찓??/label>"
"C:\spring_workspace\GourmetPass\src\main\webapp\WEB-INF\views\member\find_account.jsp","49","<button type=""button"" id=""btnPwAuth"" class=""btn-wire"">?몄쬆肄붾뱶 諛쒖넚</button>"
"C:\spring_workspace\GourmetPass\src\main\webapp\WEB-INF\views\member\find_account.jsp","53","<label>?몄쬆肄붾뱶</label>"
"C:\spring_workspace\GourmetPass\src\main\webapp\WEB-INF\views\member\find_account.jsp","54","<input type=""text"" name=""auth_code"" id=""pw_auth_code"" required placeholder=""?대찓?쇰줈 諛쏆? ?몄쬆肄붾뱶"">"
"C:\spring_workspace\GourmetPass\src\main\webapp\WEB-INF\views\member\find_account.jsp","57","<button type=""submit"" class=""btn-submit"">?꾩떆 鍮꾨?踰덊샇 諛쒓툒</button>"
"C:\spring_workspace\GourmetPass\src\main\webapp\WEB-INF\views\member\find_account.jsp","63","<div class=""mt-10"">濡쒓렇????諛섎뱶??鍮꾨?踰덊샇瑜?蹂寃쏀빐二쇱꽭??</div>"
"C:\spring_workspace\GourmetPass\src\main\webapp\WEB-INF\views\member\find_account.jsp","72","<a href=""<c:url value='/member/login'/>"" class=""btn-cancel"">濡쒓렇?몄쑝濡??뚯븘媛湲?/a>"
"C:\spring_workspace\GourmetPass\src\main\webapp\WEB-INF\views\member\login.jsp","9","<%-- ?뚮┝ ?곗씠??蹂닿?: ?듯빀 ?ㅽ겕由쏀듃媛 ???곗씠?곕? ?쎌뼱 alert???꾩썎?덈떎 --%>"
"C:\spring_workspace\GourmetPass\src\main\webapp\WEB-INF\views\member\login.jsp","19","<label>?꾩씠??/label>"
"C:\spring_workspace\GourmetPass\src\main\webapp\WEB-INF\views\member\login.jsp","20","<input type=""text"" name=""username"" class=""login-input"" required placeholder=""?꾩씠?붾? ?낅젰?섏꽭??>"
"C:\spring_workspace\GourmetPass\src\main\webapp\WEB-INF\views\member\login.jsp","24","<label>鍮꾨?踰덊샇</label>"
"C:\spring_workspace\GourmetPass\src\main\webapp\WEB-INF\views\member\login.jsp","25","<input type=""password"" name=""password"" class=""login-input"" required placeholder=""鍮꾨?踰덊샇瑜??낅젰?섏꽭??>"
"C:\spring_workspace\GourmetPass\src\main\webapp\WEB-INF\views\member\login.jsp","29","<button type=""submit"" class=""btn-login"">濡쒓렇??/button>"
"C:\spring_workspace\GourmetPass\src\main\webapp\WEB-INF\views\member\login.jsp","30","<a href=""<c:url value='/member/signup/select'/>"" class=""btn-signup"">?뚯썝媛??/a>"
"C:\spring_workspace\GourmetPass\src\main\webapp\WEB-INF\views\member\login.jsp","35","<div class=""social-title"">媛꾪렪 濡쒓렇??/div>"
"C:\spring_workspace\GourmetPass\src\main\webapp\WEB-INF\views\member\login.jsp","37","<a class=""social-btn kakao"" href=""<c:url value='/member/oauth/kakao'/>"">移댁뭅?ㅻ줈 濡쒓렇??/a>"
"C:\spring_workspace\GourmetPass\src\main\webapp\WEB-INF\views\member\login.jsp","38","<a class=""social-btn google"" href=""<c:url value='/member/oauth/google'/>"">援ш?濡?濡쒓렇??/a>"
"C:\spring_workspace\GourmetPass\src\main\webapp\WEB-INF\views\member\login.jsp","43","<a href=""<c:url value='/member/find'/>"" style=""text-decoration: underline;"">?꾩씠??鍮꾨?踰덊샇瑜??딆쑝?⑤굹??</a>"
"C:\spring_workspace\GourmetPass\src\main\webapp\WEB-INF\views\member\login.jsp","47","<%-- [援먯젙] APP_CONFIG ?좎뼵: member-signup.js ?댁쓽 李몄“ ?먮윭 諛⑹? --%>"
"C:\spring_workspace\GourmetPass\src\main\webapp\WEB-INF\views\member\login.jsp","56","<%-- [援먯젙] member.js ????듯빀??member-signup.js ?곌껐 --%>"
"C:\spring_workspace\GourmetPass\src\main\webapp\WEB-INF\views\member\member_edit.jsp","10","<div class=""edit-title"">?숋툘 ?뚯썝 ?뺣낫 ?섏젙</div>"
"C:\spring_workspace\GourmetPass\src\main\webapp\WEB-INF\views\member\member_edit.jsp","16","<%-- CSRF ?좏겙 諛??꾩튂 ?뺣낫 --%>"
"C:\spring_workspace\GourmetPass\src\main\webapp\WEB-INF\views\member\member_edit.jsp","23","<th>?꾩씠??/th>"
"C:\spring_workspace\GourmetPass\src\main\webapp\WEB-INF\views\member\member_edit.jsp","25","<%-- readonly ?띿꽦?쇰줈 ?명빐 member-signup.js?먯꽌 以묐났?뺤씤???먮룞 ?듦낵??--%>"
"C:\spring_workspace\GourmetPass\src\main\webapp\WEB-INF\views\member\member_edit.jsp","30","<th>??鍮꾨?踰덊샇</th>"
"C:\spring_workspace\GourmetPass\src\main\webapp\WEB-INF\views\member\member_edit.jsp","31","<td><input type=""password"" name=""user_pw"" id=""user_pw"" placeholder=""蹂寃????곷Ц/?レ옄/?뱀닔臾몄옄 8~20??></td>"
"C:\spring_workspace\GourmetPass\src\main\webapp\WEB-INF\views\member\member_edit.jsp","34","<th>鍮꾨?踰덊샇 ?뺤씤</th>"
"C:\spring_workspace\GourmetPass\src\main\webapp\WEB-INF\views\member\member_edit.jsp","36","<input type=""password"" id=""user_pw_confirm"" placeholder=""鍮꾨?踰덊샇瑜???踰????낅젰?섏꽭??>"
"C:\spring_workspace\GourmetPass\src\main\webapp\WEB-INF\views\member\member_edit.jsp","41","<th>?깅챸</th>"
"C:\spring_workspace\GourmetPass\src\main\webapp\WEB-INF\views\member\member_edit.jsp","42","<td><input type=""text"" name=""user_nm"" value=""${member.user_nm}"" required placeholder=""?깊븿???낅젰?섏꽭??></td>"
"C:\spring_workspace\GourmetPass\src\main\webapp\WEB-INF\views\member\member_edit.jsp","45","<th>?꾪솕踰덊샇</th>"
"C:\spring_workspace\GourmetPass\src\main\webapp\WEB-INF\views\member\member_edit.jsp","48","oninput=""autoHyphen(this)"" maxlength=""13"" placeholder=""?レ옄留??낅젰"">"
"C:\spring_workspace\GourmetPass\src\main\webapp\WEB-INF\views\member\member_edit.jsp","52","<%-- ?대찓???몄쬆 ?뱀뀡 --%>"
"C:\spring_workspace\GourmetPass\src\main\webapp\WEB-INF\views\member\member_edit.jsp","54","<th>?대찓??/th>"
"C:\spring_workspace\GourmetPass\src\main\webapp\WEB-INF\views\member\member_edit.jsp","58","<button type=""button"" id=""btnEmailAuth"" class=""btn-wire"">?몄쬆肄붾뱶 諛쒖넚</button>"
"C:\spring_workspace\GourmetPass\src\main\webapp\WEB-INF\views\member\member_edit.jsp","64","<th>?몄쬆肄붾뱶</th>"
"C:\spring_workspace\GourmetPass\src\main\webapp\WEB-INF\views\member\member_edit.jsp","67","<input type=""text"" id=""auth_code"" disabled placeholder=""?몄쬆肄붾뱶 6?먮━"" maxlength=""6"">"
"C:\spring_workspace\GourmetPass\src\main\webapp\WEB-INF\views\member\member_edit.jsp","75","<th>二쇱냼</th>"
"C:\spring_workspace\GourmetPass\src\main\webapp\WEB-INF\views\member\member_edit.jsp","79","style=""width: 120px; flex: none;"" readonly placeholder=""?고렪踰덊샇"">"
"C:\spring_workspace\GourmetPass\src\main\webapp\WEB-INF\views\member\member_edit.jsp","80","<button type=""button"" onclick=""execDaumPostcode('user')"" class=""btn-wire"">二쇱냼寃??/button>"
"C:\spring_workspace\GourmetPass\src\main\webapp\WEB-INF\views\member\member_edit.jsp","83","class=""mb-10"" readonly placeholder=""湲곕낯二쇱냼"">"
"C:\spring_workspace\GourmetPass\src\main\webapp\WEB-INF\views\member\member_edit.jsp","85","placeholder=""?곸꽭 二쇱냼瑜??낅젰?섏꽭??>"
"C:\spring_workspace\GourmetPass\src\main\webapp\WEB-INF\views\member\member_edit.jsp","86","<div id=""coordStatus"" class=""msg-box msg-ok"">二쇱냼 蹂寃????꾩튂 ?뺣낫媛 ?먮룞?쇰줈 媛깆떊?⑸땲??</div>"
"C:\spring_workspace\GourmetPass\src\main\webapp\WEB-INF\views\member\member_edit.jsp","92","<button type=""submit"" class=""btn-submit"">?뺣낫 ?섏젙 ?꾨즺</button>"
"C:\spring_workspace\GourmetPass\src\main\webapp\WEB-INF\views\member\member_edit.jsp","93","<a href=""<c:url value='/member/mypage'/>"" class=""btn-cancel"">痍⑥냼</a>"
"C:\spring_workspace\GourmetPass\src\main\webapp\WEB-INF\views\member\member_edit.jsp","98","<%-- dropUser ?⑥닔??member-signup.js???듯빀??--%>"
"C:\spring_workspace\GourmetPass\src\main\webapp\WEB-INF\views\member\member_edit.jsp","100","?뚯썝 ?덊눜?섍린"
"C:\spring_workspace\GourmetPass\src\main\webapp\WEB-INF\views\member\member_edit.jsp","105","<%-- ?몃? API 諛?怨듯넻 ?ㅽ겕由쏀듃 --%>"
"C:\spring_workspace\GourmetPass\src\main\webapp\WEB-INF\views\member\member_edit.jsp","111","<%-- [二쇱쓽] member.js??member-signup.js? 異⑸룎?섎?濡?濡쒕뱶?섏? ?딆쓬 --%>"
"C:\spring_workspace\GourmetPass\src\main\webapp\WEB-INF\views\member\member_edit.jsp","114","[cite_start]<%-- ?꾩뿭 ?ㅼ젙 媛앹껜 [cite: 16] --%>"
"C:\spring_workspace\GourmetPass\src\main\webapp\WEB-INF\views\member\member_edit.jsp","122","<%-- 紐⑤뱺 寃利?諛??닿????덊눜 濡쒖쭅???ы븿?섎뒗 ?듯빀 ?ㅽ겕由쏀듃 --%>"
"C:\spring_workspace\GourmetPass\src\main\webapp\WEB-INF\views\member\mypage.jsp","11","<%-- [愿?ъ궗 遺꾨━] 怨듭슜 留덉씠?섏씠吏 ?ㅽ???諛??듯빀 ?ㅽ겕由쏀듃 ?곌껐 --%>"
"C:\spring_workspace\GourmetPass\src\main\webapp\WEB-INF\views\member\mypage.jsp","29","style=""height: 45px; padding: 0 20px; font-size: 14px;"">?뺣낫 ?섏젙</a>"
"C:\spring_workspace\GourmetPass\src\main\webapp\WEB-INF\views\member\mypage.jsp","35","style=""height: 45px; padding: 0 20px; font-size: 14px; margin-left: 10px;"">濡쒓렇?꾩썐</button>"
"C:\spring_workspace\GourmetPass\src\main\webapp\WEB-INF\views\member\mypage.jsp","40","<%-- mypage.jsp ?대? ?듭떖 踰꾪듉 留곹겕 ?섏젙 --%>"
"C:\spring_workspace\GourmetPass\src\main\webapp\WEB-INF\views\member\mypage.jsp","43","?뱟 ????????????(?덉빟 / ?⑥씠?? </a>"
"C:\spring_workspace\GourmetPass\src\main\webapp\WEB-INF\views\member\mypage.jsp","50","<h3 class=""card-title"">?ㅿ툘 ??利먭꺼李얘린</h3>"
"C:\spring_workspace\GourmetPass\src\main\webapp\WEB-INF\views\member\mypage.jsp","59","data-store-id=""${fav.store_id}"">??젣</button>"
"C:\spring_workspace\GourmetPass\src\main\webapp\WEB-INF\views\member\mypage.jsp","84","利먭꺼李얘린???깅줉??留ㅼ옣???놁뒿?덈떎.</div>"
"C:\spring_workspace\GourmetPass\src\main\webapp\WEB-INF\views\member\mypage.jsp","93","<%-- [?섏젙] 而⑦듃濡ㅻ윭?먯꽌 ?꾨떖諛쏆? ?꾩껜 媛쒖닔(total_review_cnt) ?쒖떆 --%>"
"C:\spring_workspace\GourmetPass\src\main\webapp\WEB-INF\views\member\mypage.jsp","94","<h3 class=""card-title"">?뮠 理쒓렐 由щ럭&nbsp;&nbsp;</h3>"
"C:\spring_workspace\GourmetPass\src\main\webapp\WEB-INF\views\member\mypage.jsp","96","<%-- [異붽?] ?꾩껜蹂닿린 留곹겕: ?좉퇋 ?앹꽦???꾩껜 ?대젰 ?섏씠吏(/member/review/mine)濡??곌껐 --%>"
"C:\spring_workspace\GourmetPass\src\main\webapp\WEB-INF\views\member\mypage.jsp","98","style=""height: 32px; line-height: 30px; padding: 0 12px; font-size: 12px; text-decoration: none; color: #333;"">?꾩껜蹂닿린"
"C:\spring_workspace\GourmetPass\src\main\webapp\WEB-INF\views\member\mypage.jsp","106","<%-- 理쒓렐 2媛쒓퉴吏留??쒖떆 --%>"
"C:\spring_workspace\GourmetPass\src\main\webapp\WEB-INF\views\member\mypage.jsp","114","?룳 ${review.store_name} <small"
"C:\spring_workspace\GourmetPass\src\main\webapp\WEB-INF\views\member\mypage.jsp","124","data-return-url=""/member/mypage"">??젣</button>"
"C:\spring_workspace\GourmetPass\src\main\webapp\WEB-INF\views\member\mypage.jsp","138","?꾩쭅 ?묒꽦??由щ럭 湲곕줉???놁뒿?덈떎.</div>"
"C:\spring_workspace\GourmetPass\src\main\webapp\WEB-INF\views\member\mypage.jsp","147","// 由щ럭 ??젣 踰꾪듉 ?대깽??泥섎━"
"C:\spring_workspace\GourmetPass\src\main\webapp\WEB-INF\views\member\mypage.jsp","183","alert('利먭꺼李얘린 ?댁젣 以??ㅻ쪟媛 諛쒖깮?덉뒿?덈떎.');"
"C:\spring_workspace\GourmetPass\src\main\webapp\WEB-INF\views\member\mypage_owner.jsp","7","<%-- [愿?ъ궗 遺꾨━] 怨듭슜 留덉씠?섏씠吏 ?ㅽ???諛??듯빀 ?ㅽ겕由쏀듃 ?곌껐 --%>"
"C:\spring_workspace\GourmetPass\src\main\webapp\WEB-INF\views\member\mypage_owner.jsp","16","<h2 class=""user-name"">${member.user_nm} <small>?먯＜??/small></h2>"
"C:\spring_workspace\GourmetPass\src\main\webapp\WEB-INF\views\member\mypage_owner.jsp","21","style=""height: 45px; padding: 0 20px; font-size: 14px;"">?뺣낫 ?섏젙</a>"
"C:\spring_workspace\GourmetPass\src\main\webapp\WEB-INF\views\member\mypage_owner.jsp","25","style=""height: 45px; padding: 0 20px; font-size: 14px; margin-left: 10px;"">濡쒓렇?꾩썐"
"C:\spring_workspace\GourmetPass\src\main\webapp\WEB-INF\views\member\mypage_owner.jsp","41","?숋툘 ?ㅼ떆媛??덉빟 諛??⑥씠??愿由??쇳꽣"
"C:\spring_workspace\GourmetPass\src\main\webapp\WEB-INF\views\member\mypage_owner.jsp","47","<h3 class=""card-title"">?룳 ??媛寃??뺣낫</h3>"
"C:\spring_workspace\GourmetPass\src\main\webapp\WEB-INF\views\member\mypage_owner.jsp","49","onclick=""location.href='<c:url value='/store/update?store_id=${store.store_id}'/>'"">?섏젙"
"C:\spring_workspace\GourmetPass\src\main\webapp\WEB-INF\views\member\mypage_owner.jsp","69","<th style=""width: 40%;"">?곸뾽?쒓컙</th>"
"C:\spring_workspace\GourmetPass\src\main\webapp\WEB-INF\views\member\mypage_owner.jsp","73","<th>移댄뀒怨좊━</th>"
"C:\spring_workspace\GourmetPass\src\main\webapp\WEB-INF\views\member\mypage_owner.jsp","77","<th>?덉빟?⑥쐞</th>"
"C:\spring_workspace\GourmetPass\src\main\webapp\WEB-INF\views\member\mypage_owner.jsp","81","<th>媛寃뚮쾲??/th>"
"C:\spring_workspace\GourmetPass\src\main\webapp\WEB-INF\views\member\mypage_owner.jsp","85","<th>理쒕? ?섏슜 ?몄썝</th>"
"C:\spring_workspace\GourmetPass\src\main\webapp\WEB-INF\views\member\mypage_owner.jsp","94","<h3 class=""card-title"">?벜 留ㅼ옣 ?ъ쭊 愿由?/h3>"
"C:\spring_workspace\GourmetPass\src\main\webapp\WEB-INF\views\member\mypage_owner.jsp","100","<button type=""button"" class=""btn-submit"" id=""photoUploadBtn"" style=""width: auto; height: 38px; padding: 0 15px; font-size: 14px;"">?ъ쭊 ?낅줈??/button>"
"C:\spring_workspace\GourmetPass\src\main\webapp\WEB-INF\views\member\mypage_owner.jsp","103","<button type=""button"" class=""btn-wire is-hidden"" id=""photoPreviewClear"" style=""display: none; height: 38px; padding: 0 15px; font-size: 14px;"">?좏깮 痍⑥냼</button>"
"C:\spring_workspace\GourmetPass\src\main\webapp\WEB-INF\views\member\mypage_owner.jsp","108","<div class=""photo-section-title"">?좏깮???ъ쭊 誘몃━蹂닿린</div>"
"C:\spring_workspace\GourmetPass\src\main\webapp\WEB-INF\views\member\mypage_owner.jsp","113","* ?꾩옱 ?깅줉???몃꽕???ъ쭊???놁뒿?덈떎."
"C:\spring_workspace\GourmetPass\src\main\webapp\WEB-INF\views\member\mypage_owner.jsp","116","<div class=""photo-section-title"">?깅줉???ъ쭊</div>"
"C:\spring_workspace\GourmetPass\src\main\webapp\WEB-INF\views\member\mypage_owner.jsp","123","<span class=""badge-wire"" style=""position:absolute; top:10px; left:10px;"">?몃꽕??/span>"
"C:\spring_workspace\GourmetPass\src\main\webapp\WEB-INF\views\member\mypage_owner.jsp","126","<span class=""badge-wire"" style=""position:absolute; top:10px; right:10px;"">鍮꾧났媛?/span>"
"C:\spring_workspace\GourmetPass\src\main\webapp\WEB-INF\views\member\mypage_owner.jsp","137","<button type=""submit"" class=""btn-wire"" style=""height: 30px; padding: 0 8px; font-size: 12px;"" ${photo.is_thumbnail == 'Y' ? 'disabled' : ''}>?몃꽕??吏??/button>"
"C:\spring_workspace\GourmetPass\src\main\webapp\WEB-INF\views\member\mypage_owner.jsp","147","style=""height: 30px; padding: 0 8px; font-size: 12px; color:#dc3545; border-color:#dc3545;"">?대━湲?/button>"
"C:\spring_workspace\GourmetPass\src\main\webapp\WEB-INF\views\member\mypage_owner.jsp","163","style=""height: 30px; padding: 0 8px; font-size: 12px; color:#dc3545; border-color:#dc3545;"">??젣</button>"
"C:\spring_workspace\GourmetPass\src\main\webapp\WEB-INF\views\member\mypage_owner.jsp","173","?깅줉??留ㅼ옣 ?ъ쭊???놁뒿?덈떎."
"C:\spring_workspace\GourmetPass\src\main\webapp\WEB-INF\views\member\mypage_owner.jsp","182","<h3 class=""card-title"">?뱥 硫붾돱 愿由?(${menuList.size()})</h3>"
"C:\spring_workspace\GourmetPass\src\main\webapp\WEB-INF\views\member\mypage_owner.jsp","184","onclick=""location.href='<c:url value='/store/menu/register?store_id=${store.store_id}'/>'"">+ 硫붾돱 異붽?"
"C:\spring_workspace\GourmetPass\src\main\webapp\WEB-INF\views\member\mypage_owner.jsp","204","onclick=""location.href='<c:url value='/store/menu/update?menu_id=${menu.menu_id}'/>'"">?섏젙"
"C:\spring_workspace\GourmetPass\src\main\webapp\WEB-INF\views\member\mypage_owner.jsp","208","onclick=""deleteMenu(${menu.menu_id})"">??젣"
"C:\spring_workspace\GourmetPass\src\main\webapp\WEB-INF\views\member\mypage_owner.jsp","218","<%-- [?듭떖 ?섏젙 ?뱀뀡] 由щ럭 ?붿빟 ?몄텧 諛??꾩껜蹂닿린 ?곕룞 --%>"
"C:\spring_workspace\GourmetPass\src\main\webapp\WEB-INF\views\member\mypage_owner.jsp","222","<h3 class=""section-title"" style=""margin: 0;"">?뮠 ?곕━ 媛寃?由щ럭 (${store_review_list.size()})</h3>"
"C:\spring_workspace\GourmetPass\src\main\webapp\WEB-INF\views\member\mypage_owner.jsp","223","<%-- store_detail.jsp? ?숈씪??踰꾪듉 ?ㅽ???諛?寃쎈줈 ?곸슜 --%>"
"C:\spring_workspace\GourmetPass\src\main\webapp\WEB-INF\views\member\mypage_owner.jsp","224","<a href=""<c:url value='/review/list?store_id=${store.store_id}'/>"" class=""btn-wire-small"">?꾩껜蹂닿린 ??/a>"
"C:\spring_workspace\GourmetPass\src\main\webapp\WEB-INF\views\member\mypage_owner.jsp","230","<%-- 理쒓렐 2媛쒕쭔 ?몄텧?섍린 ?꾪빐 end=""1"" ?ㅼ젙 (0, 1 ?몃뜳?? --%>"
"C:\spring_workspace\GourmetPass\src\main\webapp\WEB-INF\views\member\mypage_owner.jsp","235","<strong style=""font-size: 16px;"">${review.user_nm} 怨좉컼??/strong>"
"C:\spring_workspace\GourmetPass\src\main\webapp\WEB-INF\views\member\mypage_owner.jsp","256","?꾩쭅 ?깅줉??由щ럭媛 ?놁뒿?덈떎."
"C:\spring_workspace\GourmetPass\src\main\webapp\WEB-INF\views\member\mypage_owner.jsp","265","<h3 style=""font-size: 26px; font-weight: 900;"">?곌껐??留ㅼ옣 ?뺣낫媛 ?놁뒿?덈떎.</h3>"
"C:\spring_workspace\GourmetPass\src\main\webapp\WEB-INF\views\member\mypage_owner.jsp","266","<p style=""color: #666; margin-top: 15px;"">媛寃??뺣낫瑜??깅줉?섏뿬 Gourmet Pass ?쒕퉬?ㅻ? ?쒖옉?섏꽭??</p>"
"C:\spring_workspace\GourmetPass\src\main\webapp\WEB-INF\views\member\mypage_owner.jsp","268","onclick=""location.href='<c:url value='/member/signup/owner2'/>'"">吏湲?諛붾줈 ?깅줉?섍린"
"C:\spring_workspace\GourmetPass\src\main\webapp\WEB-INF\views\member\mypage_owner.jsp","294","alert(""?ъ쭊? 理쒕? 5?κ퉴吏留??좏깮?????덉뒿?덈떎."");"
"C:\spring_workspace\GourmetPass\src\main\webapp\WEB-INF\views\member\mypage_owner.jsp","378","var ok = confirm(""硫붿씤 ?섏씠吏??蹂댁씠???ъ쭊?낅땲?? ?뺣쭚 ?대━?쒓쿋?듬땲源?"");"
"C:\spring_workspace\GourmetPass\src\main\webapp\WEB-INF\views\member\mypage_owner.jsp","381","alert(""??젣媛 痍⑥냼?섏뿀?듬땲??"");"
"C:\spring_workspace\GourmetPass\src\main\webapp\WEB-INF\views\member\mypage_owner.jsp","389","var ok = confirm(""硫붿씤 ?섏씠吏??蹂댁씠???ъ쭊?낅땲?? ?뺣쭚 ??젣?섏떆寃좎뒿?덇퉴?"");"
"C:\spring_workspace\GourmetPass\src\main\webapp\WEB-INF\views\member\mypage_owner.jsp","392","alert(""??젣媛 痍⑥냼?섏뿀?듬땲??"");"
"C:\spring_workspace\GourmetPass\src\main\webapp\WEB-INF\views\member\signup_general.jsp","9","<div class=""edit-title"">?뫀 ?쇰컲 ?뚯썝媛??/div>"
"C:\spring_workspace\GourmetPass\src\main\webapp\WEB-INF\views\member\signup_general.jsp","14","<div class=""alert-msg"">?뚯뀥 濡쒓렇???뺣낫濡?湲곕낯 ??ぉ???먮룞 ?낅젰?⑸땲??</div>"
"C:\spring_workspace\GourmetPass\src\main\webapp\WEB-INF\views\member\signup_general.jsp","18","<%-- CSRF 蹂댁븞 諛?醫뚰몴 ??μ슜 ?④? ?꾨뱶 --%>"
"C:\spring_workspace\GourmetPass\src\main\webapp\WEB-INF\views\member\signup_general.jsp","29","<th>?꾩씠??/th>"
"C:\spring_workspace\GourmetPass\src\main\webapp\WEB-INF\views\member\signup_general.jsp","32","<%-- 媛???섏씠吏??readonly媛 ?꾨땲誘濡?member-signup.js?먯꽌 以묐났?뺤씤??媛뺤젣??[cite: 19] --%>"
"C:\spring_workspace\GourmetPass\src\main\webapp\WEB-INF\views\member\signup_general.jsp","33","<input type=""text"" name=""user_id"" id=""user_id"" required placeholder=""?곷Ц/?レ옄/?몃뜑諛?4~20??"
"C:\spring_workspace\GourmetPass\src\main\webapp\WEB-INF\views\member\signup_general.jsp","36","<button type=""button"" id=""btnIdCheck"" class=""btn-wire"">以묐났?뺤씤</button>"
"C:\spring_workspace\GourmetPass\src\main\webapp\WEB-INF\views\member\signup_general.jsp","43","<th>鍮꾨?踰덊샇</th>"
"C:\spring_workspace\GourmetPass\src\main\webapp\WEB-INF\views\member\signup_general.jsp","45","<input type=""password"" name=""user_pw"" id=""user_pw"" required placeholder=""?곷Ц/?レ옄/?뱀닔臾몄옄 ?ы븿 8~20??"
"C:\spring_workspace\GourmetPass\src\main\webapp\WEB-INF\views\member\signup_general.jsp","50","<th>鍮꾨?踰덊샇 ?뺤씤</th>"
"C:\spring_workspace\GourmetPass\src\main\webapp\WEB-INF\views\member\signup_general.jsp","52","<input type=""password"" id=""user_pw_confirm"" required placeholder=""鍮꾨?踰덊샇 ?ъ엯??"
"C:\spring_workspace\GourmetPass\src\main\webapp\WEB-INF\views\member\signup_general.jsp","58","<th>?대쫫</th>"
"C:\spring_workspace\GourmetPass\src\main\webapp\WEB-INF\views\member\signup_general.jsp","59","<td><input type=""text"" name=""user_nm"" required placeholder=""?깊븿???낅젰?섏꽭?? value=""${socialName}""></td>"
"C:\spring_workspace\GourmetPass\src\main\webapp\WEB-INF\views\member\signup_general.jsp","62","<th>?꾪솕踰덊샇</th>"
"C:\spring_workspace\GourmetPass\src\main\webapp\WEB-INF\views\member\signup_general.jsp","65","placeholder=""?レ옄留??낅젰"" maxlength=""13"" oninput=""autoHyphen(this)"">"
"C:\spring_workspace\GourmetPass\src\main\webapp\WEB-INF\views\member\signup_general.jsp","69","<%-- ?대찓???몄쬆 ?뱀뀡 --%>"
"C:\spring_workspace\GourmetPass\src\main\webapp\WEB-INF\views\member\signup_general.jsp","71","<th>?대찓??/th>"
"C:\spring_workspace\GourmetPass\src\main\webapp\WEB-INF\views\member\signup_general.jsp","78","<c:if test=""${socialSignup}"">disabled</c:if>>?몄쬆肄붾뱶 諛쒖넚</button>"
"C:\spring_workspace\GourmetPass\src\main\webapp\WEB-INF\views\member\signup_general.jsp","84","<th>?몄쬆肄붾뱶</th>"
"C:\spring_workspace\GourmetPass\src\main\webapp\WEB-INF\views\member\signup_general.jsp","87","<input type=""text"" id=""auth_code"" disabled placeholder=""?몄쬆肄붾뱶 6?먮━"" maxlength=""6"""
"C:\spring_workspace\GourmetPass\src\main\webapp\WEB-INF\views\member\signup_general.jsp","96","<th>二쇱냼</th>"
"C:\spring_workspace\GourmetPass\src\main\webapp\WEB-INF\views\member\signup_general.jsp","99","<input type=""text"" name=""user_zip"" id=""user_zip"" style=""width: 120px; flex: none;"" placeholder=""?고렪踰덊샇"" readonly>"
"C:\spring_workspace\GourmetPass\src\main\webapp\WEB-INF\views\member\signup_general.jsp","100","<button type=""button"" onclick=""execDaumPostcode('user')"" class=""btn-wire"">二쇱냼寃??/button>"
"C:\spring_workspace\GourmetPass\src\main\webapp\WEB-INF\views\member\signup_general.jsp","102","<input type=""text"" name=""user_addr1"" id=""user_addr1"" class=""mb-10"" placeholder=""湲곕낯二쇱냼"" readonly>"
"C:\spring_workspace\GourmetPass\src\main\webapp\WEB-INF\views\member\signup_general.jsp","103","<input type=""text"" name=""user_addr2"" id=""user_addr2"" placeholder=""?곸꽭二쇱냼瑜??낅젰?섏꽭??>"
"C:\spring_workspace\GourmetPass\src\main\webapp\WEB-INF\views\member\signup_general.jsp","104","<div id=""coordStatus"" class=""msg-box msg-ok"">二쇱냼 寃????醫뚰몴媛 ?먮룞 ?ㅼ젙?⑸땲??</div>"
"C:\spring_workspace\GourmetPass\src\main\webapp\WEB-INF\views\member\signup_general.jsp","110","<button type=""submit"" class=""btn-submit"" id=""btnSubmit"">媛?낇븯湲?/button>"
"C:\spring_workspace\GourmetPass\src\main\webapp\WEB-INF\views\member\signup_general.jsp","111","<a href=""${pageContext.request.contextPath}/"" class=""btn-cancel"">痍⑥냼</a>"
"C:\spring_workspace\GourmetPass\src\main\webapp\WEB-INF\views\member\signup_general.jsp","116","<%-- ?몃? API 諛?怨듯넻 ?ㅽ겕由쏀듃 --%>"
"C:\spring_workspace\GourmetPass\src\main\webapp\WEB-INF\views\member\signup_general.jsp","123","<%-- ?꾩뿭 ?ㅼ젙 媛앹껜 --%>"
"C:\spring_workspace\GourmetPass\src\main\webapp\WEB-INF\views\member\signup_general.jsp","131","<%-- ?듯빀??媛??寃利??ㅽ겕由쏀듃 (member.js 以묐났 ?몄텧 湲덉?) --%>"
"C:\spring_workspace\GourmetPass\src\main\webapp\WEB-INF\views\member\signup_owner1.jsp","9","<div class=""edit-title"">?뫅?랅윂??먯＜ 媛??- 1?④퀎 (怨꾩젙)</div>"
"C:\spring_workspace\GourmetPass\src\main\webapp\WEB-INF\views\member\signup_owner1.jsp","14","<div class=""alert-msg"">?뚯뀥 濡쒓렇???뺣낫濡?怨꾩젙 ?뺣낫媛 ?먮룞 ?낅젰?⑸땲??</div>"
"C:\spring_workspace\GourmetPass\src\main\webapp\WEB-INF\views\member\signup_owner1.jsp","25","<th>?꾩씠??/th>"
"C:\spring_workspace\GourmetPass\src\main\webapp\WEB-INF\views\member\signup_owner1.jsp","28","<input type=""text"" name=""user_id"" id=""user_id"" required placeholder=""?곷Ц/?レ옄/?몃뜑諛?4~20??"
"C:\spring_workspace\GourmetPass\src\main\webapp\WEB-INF\views\member\signup_owner1.jsp","31","<button type=""button"" id=""btnIdCheck"" class=""btn-wire"">以묐났?뺤씤</button>"
"C:\spring_workspace\GourmetPass\src\main\webapp\WEB-INF\views\member\signup_owner1.jsp","38","<th>鍮꾨?踰덊샇</th>"
"C:\spring_workspace\GourmetPass\src\main\webapp\WEB-INF\views\member\signup_owner1.jsp","40","<input type=""password"" name=""user_pw"" id=""user_pw"" required placeholder=""?곷Ц/?レ옄/?뱀닔臾몄옄 ?ы븿 8~20??"
"C:\spring_workspace\GourmetPass\src\main\webapp\WEB-INF\views\member\signup_owner1.jsp","45","<th>鍮꾨?踰덊샇 ?뺤씤</th>"
"C:\spring_workspace\GourmetPass\src\main\webapp\WEB-INF\views\member\signup_owner1.jsp","47","<input type=""password"" id=""user_pw_confirm"" required placeholder=""鍮꾨?踰덊샇瑜??ㅼ떆 ?낅젰?섏꽭??"
"C:\spring_workspace\GourmetPass\src\main\webapp\WEB-INF\views\member\signup_owner1.jsp","53","<th>?깅챸</th>"
"C:\spring_workspace\GourmetPass\src\main\webapp\WEB-INF\views\member\signup_owner1.jsp","54","<td><input type=""text"" name=""user_nm"" required placeholder=""蹂몄씤???ㅻ챸???낅젰?섏꽭?? value=""${socialName}""></td>"
"C:\spring_workspace\GourmetPass\src\main\webapp\WEB-INF\views\member\signup_owner1.jsp","57","<th>?꾪솕踰덊샇</th>"
"C:\spring_workspace\GourmetPass\src\main\webapp\WEB-INF\views\member\signup_owner1.jsp","58","<td><input type=""text"" name=""user_tel"" required oninput=""autoHyphen(this)"" maxlength=""13"" placeholder=""?レ옄留??낅젰""></td>"
"C:\spring_workspace\GourmetPass\src\main\webapp\WEB-INF\views\member\signup_owner1.jsp","61","<%-- ?대찓???몄쬆 ?뱀뀡 --%>"
"C:\spring_workspace\GourmetPass\src\main\webapp\WEB-INF\views\member\signup_owner1.jsp","63","<th>?대찓??/th>"
"C:\spring_workspace\GourmetPass\src\main\webapp\WEB-INF\views\member\signup_owner1.jsp","70","<c:if test=""${socialSignup}"">disabled</c:if>>?몄쬆肄붾뱶 諛쒖넚</button>"
"C:\spring_workspace\GourmetPass\src\main\webapp\WEB-INF\views\member\signup_owner1.jsp","76","<th>?몄쬆肄붾뱶</th>"
"C:\spring_workspace\GourmetPass\src\main\webapp\WEB-INF\views\member\signup_owner1.jsp","79","<input type=""text"" id=""auth_code"" disabled placeholder=""?몄쬆肄붾뱶 6?먮━"" maxlength=""6"""
"C:\spring_workspace\GourmetPass\src\main\webapp\WEB-INF\views\member\signup_owner1.jsp","88","<th>嫄곗＜吏 二쇱냼</th>"
"C:\spring_workspace\GourmetPass\src\main\webapp\WEB-INF\views\member\signup_owner1.jsp","91","<input type=""text"" name=""user_zip"" id=""user_zip"" style=""width:120px; flex:none;"" readonly placeholder=""?고렪踰덊샇"">"
"C:\spring_workspace\GourmetPass\src\main\webapp\WEB-INF\views\member\signup_owner1.jsp","92","<button type=""button"" onclick=""execDaumPostcode('user')"" class=""btn-wire"">二쇱냼寃??/button>"
"C:\spring_workspace\GourmetPass\src\main\webapp\WEB-INF\views\member\signup_owner1.jsp","94","<input type=""text"" name=""user_addr1"" id=""user_addr1"" class=""mb-10"" readonly placeholder=""湲곕낯二쇱냼"">"
"C:\spring_workspace\GourmetPass\src\main\webapp\WEB-INF\views\member\signup_owner1.jsp","95","<input type=""text"" name=""user_addr2"" id=""user_addr2"" placeholder=""?곸꽭二쇱냼"">"
"C:\spring_workspace\GourmetPass\src\main\webapp\WEB-INF\views\member\signup_owner1.jsp","96","<div id=""coordStatus"" class=""msg-box msg-ok"">二쇱냼 寃????醫뚰몴媛 ?먮룞 ?낅젰?⑸땲??</div>"
"C:\spring_workspace\GourmetPass\src\main\webapp\WEB-INF\views\member\signup_owner1.jsp","102","<button type=""submit"" class=""btn-submit"">?ㅼ쓬 ?④퀎濡?(媛寃??뺣낫 ?낅젰)</button>"
"C:\spring_workspace\GourmetPass\src\main\webapp\WEB-INF\views\member\signup_owner1.jsp","103","<a href=""<c:url value='/member/signup/select'/>"" class=""btn-cancel"">?댁쟾?쇰줈</a>"
"C:\spring_workspace\GourmetPass\src\main\webapp\WEB-INF\views\member\signup_owner1.jsp","108","<%-- ?몃? ?쇱씠釉뚮윭由?諛?怨듯넻 ?ㅽ겕由쏀듃 --%>"
"C:\spring_workspace\GourmetPass\src\main\webapp\WEB-INF\views\member\signup_owner1.jsp","114","<%-- [?듭떖] member.js 濡쒕뱶 ?쒓굅: ?듯빀??member-signup.js? 異⑸룎??諛⑹??⑸땲??--%>"
"C:\spring_workspace\GourmetPass\src\main\webapp\WEB-INF\views\member\signup_owner1.jsp","117","[cite_start]<%-- ?꾩뿭 ?ㅼ젙 媛앹껜: member-signup.js ?ㅽ뻾 ?꾩뿉 ?좎뼵?섏뼱????[cite: 16] --%>"
"C:\spring_workspace\GourmetPass\src\main\webapp\WEB-INF\views\member\signup_owner1.jsp","125","<%-- ?듯빀??媛??寃利??ㅽ겕由쏀듃 --%>"
"C:\spring_workspace\GourmetPass\src\main\webapp\WEB-INF\views\member\signup_owner2.jsp","10","<div class=""edit-title"">?뜳 ?먯＜ 媛??- 2?④퀎 (媛寃??뺣낫)</div>"
"C:\spring_workspace\GourmetPass\src\main\webapp\WEB-INF\views\member\signup_owner2.jsp","11","<p class=""text-center mb-20"">?댁쁺?섏떎 留ㅼ옣???뺣낫瑜??곸꽭???낅젰?댁＜?몄슂.</p>"
"C:\spring_workspace\GourmetPass\src\main\webapp\WEB-INF\views\member\signup_owner2.jsp","15","<%-- 醫뚰몴 ?뺣낫 ??μ슜 ?④? ?꾨뱶: DB ?ㅽ궎留?NUMBER(10, 7) ???[cite: 2] --%>"
"C:\spring_workspace\GourmetPass\src\main\webapp\WEB-INF\views\member\signup_owner2.jsp","21","<th>媛寃??대쫫</th>"
"C:\spring_workspace\GourmetPass\src\main\webapp\WEB-INF\views\member\signup_owner2.jsp","22","<td><input type=""text"" name=""store_name"" id=""store_name"" placeholder=""?? 援щⅤ硫??앸떦"" required></td>"
"C:\spring_workspace\GourmetPass\src\main\webapp\WEB-INF\views\member\signup_owner2.jsp","25","<th>移댄뀒怨좊━</th>"
"C:\spring_workspace\GourmetPass\src\main\webapp\WEB-INF\views\member\signup_owner2.jsp","28","<option value="""">移댄뀒怨좊━ ?좏깮</option>"
"C:\spring_workspace\GourmetPass\src\main\webapp\WEB-INF\views\member\signup_owner2.jsp","29","<option value=""?쒖떇"">?쒖떇</option>"
"C:\spring_workspace\GourmetPass\src\main\webapp\WEB-INF\views\member\signup_owner2.jsp","30","<option value=""?쇱떇"">?쇱떇</option>"
"C:\spring_workspace\GourmetPass\src\main\webapp\WEB-INF\views\member\signup_owner2.jsp","31","<option value=""以묒떇"">以묒떇</option>"
"C:\spring_workspace\GourmetPass\src\main\webapp\WEB-INF\views\member\signup_owner2.jsp","32","<option value=""?묒떇"">?묒떇</option>"
"C:\spring_workspace\GourmetPass\src\main\webapp\WEB-INF\views\member\signup_owner2.jsp","33","<option value=""移댄럹"">移댄럹/?붿???/option>"
"C:\spring_workspace\GourmetPass\src\main\webapp\WEB-INF\views\member\signup_owner2.jsp","34","<option value=""湲고?"">湲고?</option>"
"C:\spring_workspace\GourmetPass\src\main\webapp\WEB-INF\views\member\signup_owner2.jsp","39","<th>媛寃?踰덊샇</th>"
"C:\spring_workspace\GourmetPass\src\main\webapp\WEB-INF\views\member\signup_owner2.jsp","44","<th>媛寃??꾩튂</th>"
"C:\spring_workspace\GourmetPass\src\main\webapp\WEB-INF\views\member\signup_owner2.jsp","48","placeholder=""?고렪踰덊샇"">"
"C:\spring_workspace\GourmetPass\src\main\webapp\WEB-INF\views\member\signup_owner2.jsp","49","<button type=""button"" onclick=""execDaumPostcode('store')"" class=""btn-wire"">?꾩튂 寃??/button>"
"C:\spring_workspace\GourmetPass\src\main\webapp\WEB-INF\views\member\signup_owner2.jsp","51","<input type=""text"" name=""store_addr1"" id=""store_addr1"" class=""mb-10"" readonly placeholder=""湲곕낯 二쇱냼"">"
"C:\spring_workspace\GourmetPass\src\main\webapp\WEB-INF\views\member\signup_owner2.jsp","52","<%-- [援먯젙] name ?띿꽦??user_addr2?먯꽌 store_addr2濡??섏젙?섏뿬 DB 而щ읆怨??쇱튂?쒗궡 [cite: 2] --%>"
"C:\spring_workspace\GourmetPass\src\main\webapp\WEB-INF\views\member\signup_owner2.jsp","53","<input type=""text"" name=""store_addr2"" id=""store_addr2"" placeholder=""?곸꽭 二쇱냼瑜??낅젰?섏꽭??>"
"C:\spring_workspace\GourmetPass\src\main\webapp\WEB-INF\views\member\signup_owner2.jsp","54","<div id=""coordStatus"" class=""msg-box msg-ok"">?뺥솗???꾩튂 ?뺣낫媛 ?꾩슂?⑸땲??</div>"
"C:\spring_workspace\GourmetPass\src\main\webapp\WEB-INF\views\member\signup_owner2.jsp","58","<th>?곸뾽 ?쒓컙</th>"
"C:\spring_workspace\GourmetPass\src\main\webapp\WEB-INF\views\member\signup_owner2.jsp","80","<th>?덉빟 ?⑥쐞</th>"
"C:\spring_workspace\GourmetPass\src\main\webapp\WEB-INF\views\member\signup_owner2.jsp","83","<option value=""30"">30遺??⑥쐞</option>"
"C:\spring_workspace\GourmetPass\src\main\webapp\WEB-INF\views\member\signup_owner2.jsp","84","<option value=""60"">1?쒓컙 ?⑥쐞</option>"
"C:\spring_workspace\GourmetPass\src\main\webapp\WEB-INF\views\member\signup_owner2.jsp","89","<th>理쒕? ?섏슜 ?몄썝</th>"
"C:\spring_workspace\GourmetPass\src\main\webapp\WEB-INF\views\member\signup_owner2.jsp","96","<th>媛寃??뚭컻</th>"
"C:\spring_workspace\GourmetPass\src\main\webapp\WEB-INF\views\member\signup_owner2.jsp","98","placeholder=""留ㅼ옣???뱀쭠??媛꾨떒???뚭컻??二쇱꽭??""></textarea></td>"
"C:\spring_workspace\GourmetPass\src\main\webapp\WEB-INF\views\member\signup_owner2.jsp","102","<button type=""submit"" class=""btn-submit"" style=""width:100%; margin-top:30px;"">媛???꾨즺 諛?媛寃??깅줉</button>"
"C:\spring_workspace\GourmetPass\src\main\webapp\WEB-INF\views\member\signup_owner2.jsp","106","<%-- ?몃? API 諛?怨듯넻 ?ㅽ겕由쏀듃 ?곕룞 --%>"
"C:\spring_workspace\GourmetPass\src\main\webapp\WEB-INF\views\member\signup_owner2.jsp","112","<%-- [援먯젙] APP_CONFIG ?좎뼵 異붽? (AJAX 諛?寃쎈줈 李몄“?? [cite: 16, 33] --%>"
"C:\spring_workspace\GourmetPass\src\main\webapp\WEB-INF\views\member\signup_owner2.jsp","121","<%-- [援먯젙] member.js瑜??쒓굅?섍퀬 ?듯빀??member-signup.js ?곌껐 --%>"
"C:\spring_workspace\GourmetPass\src\main\webapp\WEB-INF\views\member\signup_select.jsp","9","<h2 class=""select-header"">?뚯썝媛???좏삎???좏깮?댁＜?몄슂</h2>"
"C:\spring_workspace\GourmetPass\src\main\webapp\WEB-INF\views\member\signup_select.jsp","10","<p class=""select-subtext"">?대뼡 紐⑹쟻?쇰줈 Gourmet Pass瑜??댁슜?섏떆?섏슂?</p>"
"C:\spring_workspace\GourmetPass\src\main\webapp\WEB-INF\views\member\signup_select.jsp","12","<p class=""social-note"">?뚯뀥 濡쒓렇???뺣낫瑜?湲곕컲?쇰줈 媛?낆쓣 ?댁뼱媛묐땲??</p>"
"C:\spring_workspace\GourmetPass\src\main\webapp\WEB-INF\views\member\signup_select.jsp","16","<%-- ?쇰컲 ?뚯썝 ?좏깮 移대뱶 --%>"
"C:\spring_workspace\GourmetPass\src\main\webapp\WEB-INF\views\member\signup_select.jsp","18","<span class=""select-icon"">?삃</span>"
"C:\spring_workspace\GourmetPass\src\main\webapp\WEB-INF\views\member\signup_select.jsp","19","<span class=""select-title"">?쇰컲 ?뚯썝</span>"
"C:\spring_workspace\GourmetPass\src\main\webapp\WEB-INF\views\member\signup_select.jsp","21","留쏆쭛???덉빟?섍퀬<br>"
"C:\spring_workspace\GourmetPass\src\main\webapp\WEB-INF\views\member\signup_select.jsp","22","?⑥씠?낆쓣 ?좎껌?섍퀬 ?띠뼱??"
"C:\spring_workspace\GourmetPass\src\main\webapp\WEB-INF\views\member\signup_select.jsp","26","<%-- ?먯＜ ?뚯썝 ?좏깮 移대뱶 --%>"
"C:\spring_workspace\GourmetPass\src\main\webapp\WEB-INF\views\member\signup_select.jsp","28","<span class=""select-icon"">?뫅?랅윂?/span>"
"C:\spring_workspace\GourmetPass\src\main\webapp\WEB-INF\views\member\signup_select.jsp","29","<span class=""select-title"">?먯＜ ?뚯썝</span>"
"C:\spring_workspace\GourmetPass\src\main\webapp\WEB-INF\views\member\signup_select.jsp","31","?곕━ 媛寃뚮? ?깅줉?섍퀬<br>"
"C:\spring_workspace\GourmetPass\src\main\webapp\WEB-INF\views\member\signup_select.jsp","32","?먮떂??諛쏄퀬 ?띠뼱??"
"C:\spring_workspace\GourmetPass\src\main\webapp\WEB-INF\views\review\review_list.jsp","8","<%-- 1. ?ㅽ??쇱떆??遺꾨━ (?몃? ?뚯씪 ?몄텧) --%>"
"C:\spring_workspace\GourmetPass\src\main\webapp\WEB-INF\views\review\review_list.jsp","14","<%-- 2. 而⑦뀒?대꼫??JS媛 李몄“???곗씠???띿꽦(data-) 二쇱엯 --%>"
"C:\spring_workspace\GourmetPass\src\main\webapp\WEB-INF\views\review\review_list.jsp","19","<%-- ?곷떒 ?붿빟 ?ㅻ뜑: ?몃씪???ㅽ????쒓굅 諛??대옒?ㅽ솕 --%>"
"C:\spring_workspace\GourmetPass\src\main\webapp\WEB-INF\views\review\review_list.jsp","24","<h2 class=""store-title"">${store.store_name} <small>?꾩껜 由щ럭</small></h2>"
"C:\spring_workspace\GourmetPass\src\main\webapp\WEB-INF\views\review\review_list.jsp","34","<%-- 由щ럭 紐⑸줉 ?뱀뀡 --%>"
"C:\spring_workspace\GourmetPass\src\main\webapp\WEB-INF\views\review\review_list.jsp","42","<strong class=""user-name"">${rev.user_nm} <small>怨좉컼??/small></strong>"
"C:\spring_workspace\GourmetPass\src\main\webapp\WEB-INF\views\review\review_list.jsp","57","data-return-url=""/review/list?store_id=${rev.store_id}"">??젣</button>"
"C:\spring_workspace\GourmetPass\src\main\webapp\WEB-INF\views\review\review_list.jsp","78","<div class=""review-empty-status"">?꾩쭅 ?깅줉??由щ럭媛 ?놁뒿?덈떎.</div>"
"C:\spring_workspace\GourmetPass\src\main\webapp\WEB-INF\views\review\review_list.jsp","83","<%-- 3. ?섎떒 ?섏씠吏??뱀뀡: onclick ?쒓굅 諛?data-page ?띿꽦 異붽? --%>"
"C:\spring_workspace\GourmetPass\src\main\webapp\WEB-INF\views\review\review_list.jsp","121","<%-- ?섎떒 ?ㅻ퉬寃뚯씠??踰꾪듉 --%>"
"C:\spring_workspace\GourmetPass\src\main\webapp\WEB-INF\views\review\review_list.jsp","123","<button type=""button"" class=""btn-wire-nav"" id=""btn-go-store"">媛寃??곸꽭濡?/button>"
"C:\spring_workspace\GourmetPass\src\main\webapp\WEB-INF\views\review\review_list.jsp","124","<button type=""button"" class=""btn-wire-nav"" id=""btn-go-back"">?댁쟾 ?섏씠吏濡?/button>"
"C:\spring_workspace\GourmetPass\src\main\webapp\WEB-INF\views\review\review_list.jsp","128","<%-- 4. ?ㅽ겕由쏀듃 遺꾨━ (濡쒖쭅 ?쒓굅 ???몃? ?뚯씪 ?몄텧) --%>"
"C:\spring_workspace\GourmetPass\src\main\webapp\WEB-INF\views\review\review_mine.jsp","10","<%-- 湲곗〈 ?ㅽ????쒗듃 ?ъ궗??--%>"
"C:\spring_workspace\GourmetPass\src\main\webapp\WEB-INF\views\review\review_mine.jsp","18","<%-- 而⑦뀒?대꼫: JS媛 ?대룞 寃쎈줈瑜??뚯븙?????덈룄濡??곗씠??二쇱엯 --%>"
"C:\spring_workspace\GourmetPass\src\main\webapp\WEB-INF\views\review\review_mine.jsp","22","<%-- ?곷떒 ?붿빟 ?ㅻ뜑: ?섏쓽 ?쒕룞 以묒떖 --%>"
"C:\spring_workspace\GourmetPass\src\main\webapp\WEB-INF\views\review\review_mine.jsp","28","?섏쓽 由щ럭 ?대젰 <small>珥?${pageMaker.total}嫄?/small>"
"C:\spring_workspace\GourmetPass\src\main\webapp\WEB-INF\views\review\review_mine.jsp","34","<%-- 由щ럭 紐⑸줉 ?뱀뀡 --%>"
"C:\spring_workspace\GourmetPass\src\main\webapp\WEB-INF\views\review\review_mine.jsp","42","<%-- 媛寃??곸꽭?섏씠吏濡?諛붾줈媛??留곹겕 異붽? --%>"
"C:\spring_workspace\GourmetPass\src\main\webapp\WEB-INF\views\review\review_mine.jsp","45","style=""text-decoration: none; color: inherit;""> ?룳"
"C:\spring_workspace\GourmetPass\src\main\webapp\WEB-INF\views\review\review_mine.jsp","55","<%-- ??젣 濡쒖쭅 ?좎? --%>"
"C:\spring_workspace\GourmetPass\src\main\webapp\WEB-INF\views\review\review_mine.jsp","59","data-return-url=""/member/review/mine"">??젣</button>"
"C:\spring_workspace\GourmetPass\src\main\webapp\WEB-INF\views\review\review_mine.jsp","77","<div class=""review-empty-status"">?꾩쭅 ?묒꽦?섏떊 由щ럭媛 ?놁뒿?덈떎.</div>"
"C:\spring_workspace\GourmetPass\src\main\webapp\WEB-INF\views\review\review_mine.jsp","82","<%-- ?섎떒 ?섏씠吏??뱀뀡 --%>"
"C:\spring_workspace\GourmetPass\src\main\webapp\WEB-INF\views\review\review_mine.jsp","107","<%-- ?섎떒 ?ㅻ퉬寃뚯씠??踰꾪듉 --%>"
"C:\spring_workspace\GourmetPass\src\main\webapp\WEB-INF\views\review\review_mine.jsp","110","onclick=""location.href='<c:url value='/member/mypage'/>'"">留덉씠?섏씠吏濡?/button>"
"C:\spring_workspace\GourmetPass\src\main\webapp\WEB-INF\views\review\review_mine.jsp","114","<%-- ?ㅽ겕由쏀듃 遺꾨━ --%>"
"C:\spring_workspace\GourmetPass\src\main\webapp\WEB-INF\views\review\review_write.jsp","7","<h2 style=""text-align: center; margin-bottom: 30px;"">?랃툘 由щ럭 ?묒꽦?섍린</h2>"
"C:\spring_workspace\GourmetPass\src\main\webapp\WEB-INF\views\review\review_write.jsp","10","<p style=""margin: 0; color: #666; font-size: 14px;"">諛⑸Ц?섏떊 留ㅼ옣</p>"
"C:\spring_workspace\GourmetPass\src\main\webapp\WEB-INF\views\review\review_write.jsp","21","<label style=""display: block; font-weight: bold; margin-bottom: 10px;"">狩?蹂꾩젏???좏깮??二쇱꽭??/label>"
"C:\spring_workspace\GourmetPass\src\main\webapp\WEB-INF\views\review\review_write.jsp","23","<option value=""5"">狩먥춴狩먥춴狩?(5??- 理쒓퀬?덉슂!)</option>"
"C:\spring_workspace\GourmetPass\src\main\webapp\WEB-INF\views\review\review_write.jsp","24","<option value=""4"">狩먥춴狩먥춴 (4??- 留뚯”?댁슂)</option>"
"C:\spring_workspace\GourmetPass\src\main\webapp\WEB-INF\views\review\review_write.jsp","25","<option value=""3"">狩먥춴狩?(3??- 蹂댄넻?댁뿉??</option>"
"C:\spring_workspace\GourmetPass\src\main\webapp\WEB-INF\views\review\review_write.jsp","26","<option value=""2"">狩먥춴 (2??- ?꾩돩?뚯슂)</option>"
"C:\spring_workspace\GourmetPass\src\main\webapp\WEB-INF\views\review\review_write.jsp","27","<option value=""1"">狩?(1??- 蹂꾨줈?덉슂)</option>"
"C:\spring_workspace\GourmetPass\src\main\webapp\WEB-INF\views\review\review_write.jsp","32","<label style=""display: block; font-weight: bold; margin-bottom: 10px;"">?뮠 諛⑸Ц ?꾧린</label>"
"C:\spring_workspace\GourmetPass\src\main\webapp\WEB-INF\views\review\review_write.jsp","33","<textarea name=""content"" placeholder=""留? ?쒕퉬?? 遺꾩쐞湲곕뒗 ?대뼚?⑤굹?? ?붿쭅???꾧린瑜??④꺼二쇱꽭??"" required"
"C:\spring_workspace\GourmetPass\src\main\webapp\WEB-INF\views\review\review_write.jsp","40","痍⑥냼"
"C:\spring_workspace\GourmetPass\src\main\webapp\WEB-INF\views\review\review_write.jsp","44","由щ럭 ?깅줉?섍린"
"C:\spring_workspace\GourmetPass\src\main\webapp\WEB-INF\views\store\menu_register.jsp","6","<%-- [?먯튃 1] 怨좊찓?⑥뒪 ?듯빀 ?ㅽ??쇱떆???곌껐 --%>"
"C:\spring_workspace\GourmetPass\src\main\webapp\WEB-INF\views\store\menu_register.jsp","16","<div class=""edit-title"">??硫붾돱 ?깅줉</div>"
"C:\spring_workspace\GourmetPass\src\main\webapp\WEB-INF\views\store\menu_register.jsp","19","[湲곕뒫 蹂댁〈]"
"C:\spring_workspace\GourmetPass\src\main\webapp\WEB-INF\views\store\menu_register.jsp","20","enctype=""multipart/form-data"" ?ъ슜 ??CSRF ?꾪꽣 ??묒쓣 ?꾪빐"
"C:\spring_workspace\GourmetPass\src\main\webapp\WEB-INF\views\store\menu_register.jsp","21","action URL ?ㅼ뿉 吏곸젒 ?좏겙??荑쇰━ ?ㅽ듃留곸쑝濡??ы븿?⑸땲??"
"C:\spring_workspace\GourmetPass\src\main\webapp\WEB-INF\views\store\menu_register.jsp","27","<%-- CSRF ?좏겙 諛??ㅽ넗??ID ?좎? --%>"
"C:\spring_workspace\GourmetPass\src\main\webapp\WEB-INF\views\store\menu_register.jsp","31","<%-- [援먯젙] ?쒖? edit-table 援ъ“ ?곸슜 --%>"
"C:\spring_workspace\GourmetPass\src\main\webapp\WEB-INF\views\store\menu_register.jsp","34","<th>硫붾돱紐?/th>"
"C:\spring_workspace\GourmetPass\src\main\webapp\WEB-INF\views\store\menu_register.jsp","37","required placeholder=""硫붾돱 ?대쫫???낅젰?섏꽭??>"
"C:\spring_workspace\GourmetPass\src\main\webapp\WEB-INF\views\store\menu_register.jsp","44","min=""0"" required placeholder=""?먮ℓ 媛寃⑹쓣 ?낅젰?섏꽭??>"
"C:\spring_workspace\GourmetPass\src\main\webapp\WEB-INF\views\store\menu_register.jsp","48","<th>硫붾돱 ?대?吏</th>"
"C:\spring_workspace\GourmetPass\src\main\webapp\WEB-INF\views\store\menu_register.jsp","50","<%-- ?뚯씪 ?좏깮李쎈룄 ?쒖? 洹쒓꺽 ?믪씠??留욎떠 ?뺣젹 --%>"
"C:\spring_workspace\GourmetPass\src\main\webapp\WEB-INF\views\store\menu_register.jsp","56","<th>???硫붾돱 ?ㅼ젙</th>"
"C:\spring_workspace\GourmetPass\src\main\webapp\WEB-INF\views\store\menu_register.jsp","61","<span style=""font-weight: 800; font-size: 14px;"">??硫붾돱瑜??곕━ 媛寃????硫붾돱濡??ㅼ젙?⑸땲??</span>"
"C:\spring_workspace\GourmetPass\src\main\webapp\WEB-INF\views\store\menu_register.jsp","67","<%-- [援먯젙] ?섎떒 踰꾪듉 洹몃９: ?移?諛??쒖? ?붿옄???곸슜 --%>"
"C:\spring_workspace\GourmetPass\src\main\webapp\WEB-INF\views\store\menu_register.jsp","69","<button type=""submit"" class=""btn-submit"">硫붾돱 ?깅줉 ?꾨즺</button>"
"C:\spring_workspace\GourmetPass\src\main\webapp\WEB-INF\views\store\menu_register.jsp","70","<button type=""button"" class=""btn-cancel"" onclick=""history.back()"">痍⑥냼</button>"
"C:\spring_workspace\GourmetPass\src\main\webapp\WEB-INF\views\store\menu_update.jsp","5","<%-- ?듯빀 ?ㅽ??쇱떆???곌껐 --%>"
"C:\spring_workspace\GourmetPass\src\main\webapp\WEB-INF\views\store\menu_update.jsp","9","<div class=""edit-title"">?륅툘 硫붾돱 ?뺣낫 ?섏젙</div>"
"C:\spring_workspace\GourmetPass\src\main\webapp\WEB-INF\views\store\menu_update.jsp","12","enctype=""multipart/form-data"" ?ъ슜 ??CSRF ?꾪꽣 ??묒쓣 ?꾪빐"
"C:\spring_workspace\GourmetPass\src\main\webapp\WEB-INF\views\store\menu_update.jsp","13","action URL ?ㅼ뿉 吏곸젒 ?좏겙??荑쇰━ ?ㅽ듃留곸쑝濡??ы븿?⑸땲??"
"C:\spring_workspace\GourmetPass\src\main\webapp\WEB-INF\views\store\menu_update.jsp","27","<th>硫붾돱紐?/th>"
"C:\spring_workspace\GourmetPass\src\main\webapp\WEB-INF\views\store\menu_update.jsp","30","class=""login-input"" required placeholder=""硫붾돱 ?대쫫???낅젰?섏꽭??>"
"C:\spring_workspace\GourmetPass\src\main\webapp\WEB-INF\views\store\menu_update.jsp","37","class=""login-input"" required placeholder=""媛寃⑹쓣 ?낅젰?섏꽭??>"
"C:\spring_workspace\GourmetPass\src\main\webapp\WEB-INF\views\store\menu_update.jsp","41","<th>硫붾돱 ?대?吏</th>"
"C:\spring_workspace\GourmetPass\src\main\webapp\WEB-INF\views\store\menu_update.jsp","50","<div class=""msg-box"" style=""color: #888;"">援먯껜 ?쒖뿉留??뚯씪???좏깮??二쇱꽭??</div>"
"C:\spring_workspace\GourmetPass\src\main\webapp\WEB-INF\views\store\menu_update.jsp","54","<th>??쒕찓???щ?</th>"
"C:\spring_workspace\GourmetPass\src\main\webapp\WEB-INF\views\store\menu_update.jsp","60","<span style=""font-weight: 800; font-size: 14px;"">???硫붾돱濡??ㅼ젙</span>"
"C:\spring_workspace\GourmetPass\src\main\webapp\WEB-INF\views\store\menu_update.jsp","67","<button type=""submit"" class=""btn-submit"">?섏젙 ?꾨즺</button>"
"C:\spring_workspace\GourmetPass\src\main\webapp\WEB-INF\views\store\menu_update.jsp","68","<button type=""button"" class=""btn-cancel"" onclick=""history.back()"">痍⑥냼</button>"
"C:\spring_workspace\GourmetPass\src\main\webapp\WEB-INF\views\store\store_detail.jsp","11","// ?쒕쾭?먯꽌 ?꾨떖??硫붿떆吏(?? 以묐났 ?덉빟 ?뚮┝) 泥섎━"
"C:\spring_workspace\GourmetPass\src\main\webapp\WEB-INF\views\store\store_detail.jsp","17","// 寃곗젣 紐⑤뱢(Iamport) ?곕룞???꾩슂???ъ슜???뺣낫 諛붿씤??"
"C:\spring_workspace\GourmetPass\src\main\webapp\WEB-INF\views\store\store_detail.jsp","46","<%-- 1. ?곷떒 ??댄? ?뱀뀡 --%>"
"C:\spring_workspace\GourmetPass\src\main\webapp\WEB-INF\views\store\store_detail.jsp","48","<h1 class=""store-main-title"">?룧 ${store.store_name}</h1>"
"C:\spring_workspace\GourmetPass\src\main\webapp\WEB-INF\views\store\store_detail.jsp","51","<span class=""rating-box"">狩?<b>${store.avg_rating}</b> (${store.review_cnt}媛쒖쓽 由щ럭)</span>"
"C:\spring_workspace\GourmetPass\src\main\webapp\WEB-INF\views\store\store_detail.jsp","52","<span class=""favorite-count"" id=""favoriteCount"">?ㅿ툘 0</span>"
"C:\spring_workspace\GourmetPass\src\main\webapp\WEB-INF\views\store\store_detail.jsp","53","<span class=""viewer-count"" id=""viewerCount"">?뫁 0紐?/span>"
"C:\spring_workspace\GourmetPass\src\main\webapp\WEB-INF\views\store\store_detail.jsp","54","<button type=""button"" class=""favorite-inline"" id=""favoriteBtn"">?쨳 利먭꺼李얘린</button>"
"C:\spring_workspace\GourmetPass\src\main\webapp\WEB-INF\views\store\store_detail.jsp","55","<button type=""button"" class=""share-inline"" id=""copyLinkBtn"">?뵕 留곹겕 蹂듭궗</button>"
"C:\spring_workspace\GourmetPass\src\main\webapp\WEB-INF\views\store\store_detail.jsp","59","<%-- 2. 硫붿씤 ?뺣낫 移대뱶 --%>"
"C:\spring_workspace\GourmetPass\src\main\webapp\WEB-INF\views\store\store_detail.jsp","80","<p><b>?뱧 二쇱냼</b> <span class=""badge-cat"">${store.store_category}</span> ${store.store_addr1} ${store.store_addr2}</p>"
"C:\spring_workspace\GourmetPass\src\main\webapp\WEB-INF\views\store\store_detail.jsp","81","<p><b>?뱸 ?꾪솕</b> ${store.store_tel}</p>"
"C:\spring_workspace\GourmetPass\src\main\webapp\WEB-INF\views\store\store_detail.jsp","82","<p><b>???곸뾽</b> ${store.open_time} ~ ${store.close_time}</p>"
"C:\spring_workspace\GourmetPass\src\main\webapp\WEB-INF\views\store\store_detail.jsp","83","<p><b>?슯 ?湲?/b> <span class=""wait-count-text"">?꾩옱 ${currentWaitCount}? ?湲?以?/span></p>"
"C:\spring_workspace\GourmetPass\src\main\webapp\WEB-INF\views\store\store_detail.jsp","84","<p><b>?뱷 ?뚭컻</b> ${store.store_desc}</p>"
"C:\spring_workspace\GourmetPass\src\main\webapp\WEB-INF\views\store\store_detail.jsp","88","<%-- 2-1. 硫붾돱 由ъ뒪???뱀뀡 --%>"
"C:\spring_workspace\GourmetPass\src\main\webapp\WEB-INF\views\store\store_detail.jsp","91","<h3 class=""card-title"">?띂截?硫붾돱</h3>"
"C:\spring_workspace\GourmetPass\src\main\webapp\WEB-INF\views\store\store_detail.jsp","119","<div class=""empty-status-box"">?깅줉??硫붾돱媛 ?놁뒿?덈떎.</div>"
"C:\spring_workspace\GourmetPass\src\main\webapp\WEB-INF\views\store\store_detail.jsp","125","<%-- 3. ?명꽣?숈뀡 踰꾪듉 洹몃９ --%>"
"C:\spring_workspace\GourmetPass\src\main\webapp\WEB-INF\views\store\store_detail.jsp","128","onclick=""showInteraction('booking')"">?뱟 ?덉빟?섍린"
"C:\spring_workspace\GourmetPass\src\main\webapp\WEB-INF\views\store\store_detail.jsp","131","onclick=""showInteraction('waiting')"">?슯 ?⑥씠?낇븯湲?"
"C:\spring_workspace\GourmetPass\src\main\webapp\WEB-INF\views\store\store_detail.jsp","135","<%-- 4. ?덉빟 ?좎껌 ?곸뿭 --%>"
"C:\spring_workspace\GourmetPass\src\main\webapp\WEB-INF\views\store\store_detail.jsp","137","<h3 class=""section-title"">?뱟 ?뱀씪 ?덉빟 ?좎껌</h3>"
"C:\spring_workspace\GourmetPass\src\main\webapp\WEB-INF\views\store\store_detail.jsp","140","?먯＜ 怨꾩젙? ?덉빟???????놁뒿?덈떎."
"C:\spring_workspace\GourmetPass\src\main\webapp\WEB-INF\views\store\store_detail.jsp","151","<th>?덉빟 ?몄썝</th>"
"C:\spring_workspace\GourmetPass\src\main\webapp\WEB-INF\views\store\store_detail.jsp","161","<th>?덉빟 ?좎쭨</th>"
"C:\spring_workspace\GourmetPass\src\main\webapp\WEB-INF\views\store\store_detail.jsp","166","<p class=""info-text"">* ?뱀씪 諛??댄썑 ?좎쭨留??좏깮 媛?ν빀?덈떎.</p>"
"C:\spring_workspace\GourmetPass\src\main\webapp\WEB-INF\views\store\store_detail.jsp","170","<th>?덉빟 ?쒓컙</th>"
"C:\spring_workspace\GourmetPass\src\main\webapp\WEB-INF\views\store\store_detail.jsp","173","<%-- JS???섑빐 ???踰꾪듉???숈쟻?쇰줈 ?앹꽦??--%>"
"C:\spring_workspace\GourmetPass\src\main\webapp\WEB-INF\views\store\store_detail.jsp","179","<button type=""submit"" class=""btn-submit-wire"">?? ?덉빟 ?뺤젙?섍린</button>"
"C:\spring_workspace\GourmetPass\src\main\webapp\WEB-INF\views\store\store_detail.jsp","184","?덉빟? <a href=""<c:url value='/member/login'/>"">濡쒓렇??/a> ???댁슜 媛?ν빀?덈떎."
"C:\spring_workspace\GourmetPass\src\main\webapp\WEB-INF\views\store\store_detail.jsp","189","<%-- 5. ?⑥씠???좎껌 ?곸뿭 --%>"
"C:\spring_workspace\GourmetPass\src\main\webapp\WEB-INF\views\store\store_detail.jsp","191","<h3 class=""section-title"">?슯 ?ㅼ떆媛??⑥씠???좎껌</h3>"
"C:\spring_workspace\GourmetPass\src\main\webapp\WEB-INF\views\store\store_detail.jsp","194","?먯＜ 怨꾩젙? ?⑥씠?낆쓣 ?????놁뒿?덈떎."
"C:\spring_workspace\GourmetPass\src\main\webapp\WEB-INF\views\store\store_detail.jsp","203","<th>諛⑸Ц ?몄썝</th>"
"C:\spring_workspace\GourmetPass\src\main\webapp\WEB-INF\views\store\store_detail.jsp","213","<button type=""submit"" class=""btn-submit-wire dark-btn"">以꾩꽌湲??좎껌?섍린</button>"
"C:\spring_workspace\GourmetPass\src\main\webapp\WEB-INF\views\store\store_detail.jsp","218","?⑥씠?낆? <a href=""<c:url value='/member/login'/>"">濡쒓렇??/a> ???댁슜 媛?ν빀?덈떎."
"C:\spring_workspace\GourmetPass\src\main\webapp\WEB-INF\views\store\store_detail.jsp","223","<%-- 6. 吏??諛?由щ럭 ?뱀뀡 --%>"
"C:\spring_workspace\GourmetPass\src\main\webapp\WEB-INF\views\store\store_detail.jsp","228","<h3 class=""card-title"">?뮠 理쒓렐 由щ럭</h3>"
"C:\spring_workspace\GourmetPass\src\main\webapp\WEB-INF\views\store\store_detail.jsp","229","<%-- [?섏젙] 由щ럭 ?꾨찓??遺꾨━???곕Ⅸ 寃쎈줈 理쒖떊??(/store/reviews -> /review/list) --%>"
"C:\spring_workspace\GourmetPass\src\main\webapp\WEB-INF\views\store\store_detail.jsp","231","class=""btn-wire-small"">?꾩껜蹂닿린 ??/a>"
"C:\spring_workspace\GourmetPass\src\main\webapp\WEB-INF\views\store\store_detail.jsp","249","<div class=""empty-status-box"">?묒꽦??由щ럭媛 ?놁뒿?덈떎.</div>"
"C:\spring_workspace\GourmetPass\src\main\webapp\WEB-INF\views\store\store_detail.jsp","256","<%-- ?꾩닔 ?쇱씠釉뚮윭由?諛??ㅽ겕由쏀듃 ?곕룞 --%>"
"C:\spring_workspace\GourmetPass\src\main\webapp\WEB-INF\views\store\store_list.jsp","11","<%-- 寃???뱀뀡 --%>"
"C:\spring_workspace\GourmetPass\src\main\webapp\WEB-INF\views\store\store_list.jsp","13","<h1 class=""search-title"" style=""font-size: 1.5rem;"">?뵊 李얠쑝?쒕뒗 留쏆쭛???덉쑝?좉???</h1>"
"C:\spring_workspace\GourmetPass\src\main\webapp\WEB-INF\views\store\store_list.jsp","16","placeholder=""媛寃??대쫫 ?먮뒗 硫붾돱 寃?? value=""${keyword}"" required>"
"C:\spring_workspace\GourmetPass\src\main\webapp\WEB-INF\views\store\store_list.jsp","17","<button type=""button"" class=""btn-search"" onclick=""syncAndSubmit()"">留쏆쭛 寃??/button>"
"C:\spring_workspace\GourmetPass\src\main\webapp\WEB-INF\views\store\store_list.jsp","21","<%-- 1. ?꾪꽣 ?뱀뀡 --%>"
"C:\spring_workspace\GourmetPass\src\main\webapp\WEB-INF\views\store\store_list.jsp","24","<%-- [?섏젙] PageInfo(pageMaker)???띿꽦???ъ슜?섏뿬 ?곹깭 ?좎? --%>"
"C:\spring_workspace\GourmetPass\src\main\webapp\WEB-INF\views\store\store_list.jsp","31","<label>?뱧 吏???좏깮</label>"
"C:\spring_workspace\GourmetPass\src\main\webapp\WEB-INF\views\store\store_list.jsp","33","<option value="""">?꾩껜 吏??/option>"
"C:\spring_workspace\GourmetPass\src\main\webapp\WEB-INF\views\store\store_list.jsp","34","<option value=""?쒖슱"" ${region == '?쒖슱' ? 'selected' : ''}>?쒖슱</option>"
"C:\spring_workspace\GourmetPass\src\main\webapp\WEB-INF\views\store\store_list.jsp","35","<option value=""寃쎄린"" ${region == '寃쎄린' ? 'selected' : ''}>寃쎄린</option>"
"C:\spring_workspace\GourmetPass\src\main\webapp\WEB-INF\views\store\store_list.jsp","36","<option value=""?몄쿇"" ${region == '?몄쿇' ? 'selected' : ''}>?몄쿇</option>"
"C:\spring_workspace\GourmetPass\src\main\webapp\WEB-INF\views\store\store_list.jsp","41","<label>?뜶 移댄뀒怨좊━</label>"
"C:\spring_workspace\GourmetPass\src\main\webapp\WEB-INF\views\store\store_list.jsp","43","<c:set var=""cats"" value=""?쒖떇,?쇱떇,以묒떇,?묒떇,移댄럹"" />"
"C:\spring_workspace\GourmetPass\src\main\webapp\WEB-INF\views\store\store_list.jsp","53","<%-- 2. 留쏆쭛 洹몃━???뱀뀡 --%>"
"C:\spring_workspace\GourmetPass\src\main\webapp\WEB-INF\views\store\store_list.jsp","68","<button type=""button"" class=""favorite-toggle"" data-store-id=""${store.store_id}"">?쨳</button>"
"C:\spring_workspace\GourmetPass\src\main\webapp\WEB-INF\views\store\store_list.jsp","75","<span class=""view-cnt"">議고쉶 ${store.store_cnt}</span>"
"C:\spring_workspace\GourmetPass\src\main\webapp\WEB-INF\views\store\store_list.jsp","83","寃??寃곌낵? ?쇱튂?섎뒗 留쏆쭛???놁뒿?덈떎."
"C:\spring_workspace\GourmetPass\src\main\webapp\WEB-INF\views\store\store_list.jsp","89","<%-- 3. ?섏씠吏??뱀뀡 (PageHelper PageInfo 湲곕컲?쇰줈 ?꾨㈃ ?섏젙) --%>"
"C:\spring_workspace\GourmetPass\src\main\webapp\WEB-INF\views\store\store_list.jsp","92","<%-- ?댁쟾 ?섏씠吏 踰꾪듉 --%>"
"C:\spring_workspace\GourmetPass\src\main\webapp\WEB-INF\views\store\store_list.jsp","106","<%-- ?섏씠吏 踰덊샇 紐⑸줉 (PageInfo媛 ?쒓났?섎뒗 navigatepageNums ?ъ슜) --%>"
"C:\spring_workspace\GourmetPass\src\main\webapp\WEB-INF\views\store\store_list.jsp","120","<%-- ?ㅼ쓬 ?섏씠吏 踰꾪듉 --%>"
"C:\spring_workspace\GourmetPass\src\main\webapp\WEB-INF\views\store\store_update.jsp","14","<div class=""edit-title"">?썱截?媛寃??뺣낫 ?섏젙</div>"
"C:\spring_workspace\GourmetPass\src\main\webapp\WEB-INF\views\store\store_update.jsp","23","<th>媛寃??대쫫</th>"
"C:\spring_workspace\GourmetPass\src\main\webapp\WEB-INF\views\store\store_update.jsp","27","<th>移댄뀒怨좊━</th>"
"C:\spring_workspace\GourmetPass\src\main\webapp\WEB-INF\views\store\store_update.jsp","30","<option value=""?쒖떇"" ${store.store_category == '?쒖떇' ? 'selected' : ''}>?쒖떇</option>"
"C:\spring_workspace\GourmetPass\src\main\webapp\WEB-INF\views\store\store_update.jsp","31","<option value=""以묒떇"" ${store.store_category == '以묒떇' ? 'selected' : ''}>以묒떇</option>"
"C:\spring_workspace\GourmetPass\src\main\webapp\WEB-INF\views\store\store_update.jsp","32","<option value=""?쇱떇"" ${store.store_category == '?쇱떇' ? 'selected' : ''}>?쇱떇</option>"
"C:\spring_workspace\GourmetPass\src\main\webapp\WEB-INF\views\store\store_update.jsp","33","<option value=""?묒떇"" ${store.store_category == '?묒떇' ? 'selected' : ''}>?묒떇</option>"
"C:\spring_workspace\GourmetPass\src\main\webapp\WEB-INF\views\store\store_update.jsp","34","<option value=""湲고?"" ${store.store_category == '湲고?' ? 'selected' : ''}>湲고?</option>"
"C:\spring_workspace\GourmetPass\src\main\webapp\WEB-INF\views\store\store_update.jsp","39","<th>?꾪솕踰덊샇</th>"
"C:\spring_workspace\GourmetPass\src\main\webapp\WEB-INF\views\store\store_update.jsp","44","<th>媛寃??꾩튂</th>"
"C:\spring_workspace\GourmetPass\src\main\webapp\WEB-INF\views\store\store_update.jsp","49","<button type=""button"" onclick=""execDaumPostcode('store')"" class=""btn-wire"">?꾩튂 蹂寃?/button>"
"C:\spring_workspace\GourmetPass\src\main\webapp\WEB-INF\views\store\store_update.jsp","54","class=""login-input"" placeholder=""?곸꽭二쇱냼"">"
"C:\spring_workspace\GourmetPass\src\main\webapp\WEB-INF\views\store\store_update.jsp","58","<th>?곸뾽 ?쒓컙</th>"
"C:\spring_workspace\GourmetPass\src\main\webapp\WEB-INF\views\store\store_update.jsp","70","<th>理쒕? ?섏슜 ?몄썝</th>"
"C:\spring_workspace\GourmetPass\src\main\webapp\WEB-INF\views\store\store_update.jsp","78","<button type=""submit"" class=""btn-submit"">?뺣낫 ?섏젙 ?꾨즺</button>"
"C:\spring_workspace\GourmetPass\src\main\webapp\WEB-INF\views\store\store_update.jsp","79","<button type=""button"" class=""btn-cancel"" onclick=""history.back()"">痍⑥냼</button>"
"C:\spring_workspace\GourmetPass\src\main\webapp\WEB-INF\views\wait\wait_history.jsp","16","<div class=""edit-title"">?뱶 ?꾩껜 ?댁슜 ?댁뿭</div>"
"C:\spring_workspace\GourmetPass\src\main\webapp\WEB-INF\views\wait\wait_history.jsp","18","<%-- ?⑥씠???댁뿭 ?뱀뀡 --%>"
"C:\spring_workspace\GourmetPass\src\main\webapp\WEB-INF\views\wait\wait_history.jsp","21","<h3 class=""card-title"">?슯 ?⑥씠???댁뿭</h3>"
"C:\spring_workspace\GourmetPass\src\main\webapp\WEB-INF\views\wait\wait_history.jsp","32","<span class=""history-tag"">[?⑥씠??</span>"
"C:\spring_workspace\GourmetPass\src\main\webapp\WEB-INF\views\wait\wait_history.jsp","45","data-url=""<c:url value='/review/write?store_id=${w.store_id}&wait_id=${w.wait_id}'/>"">由щ럭 ?묒꽦</button>"
"C:\spring_workspace\GourmetPass\src\main\webapp\WEB-INF\views\wait\wait_history.jsp","48","<span class=""text-done"">由щ럭?꾨즺</span>"
"C:\spring_workspace\GourmetPass\src\main\webapp\WEB-INF\views\wait\wait_history.jsp","52","data-return-url=""/member/history?waitPage=${waitPageInfo.pageNum}&bookPage=${bookPageInfo.pageNum}"">??젣</button>"
"C:\spring_workspace\GourmetPass\src\main\webapp\WEB-INF\views\wait\wait_history.jsp","57","<span class=""text-done text-done--danger"">痍⑥냼??/span>"
"C:\spring_workspace\GourmetPass\src\main\webapp\WEB-INF\views\wait\wait_history.jsp","64","<div class=""status-empty"">?⑥씠???댁뿭???놁뒿?덈떎.</div>"
"C:\spring_workspace\GourmetPass\src\main\webapp\WEB-INF\views\wait\wait_history.jsp","69","<%-- ?⑥씠???섏씠吏?--%>"
"C:\spring_workspace\GourmetPass\src\main\webapp\WEB-INF\views\wait\wait_history.jsp","73","<a href=""?waitPage=${waitPageInfo.pageNum - 1}&bookPage=${bookPageInfo.pageNum}"" class=""btn-wire"">?댁쟾</a>"
"C:\spring_workspace\GourmetPass\src\main\webapp\WEB-INF\views\wait\wait_history.jsp","76","<%-- ???섏젙: fn:length() ?ъ슜 --%>"
"C:\spring_workspace\GourmetPass\src\main\webapp\WEB-INF\views\wait\wait_history.jsp","85","<a href=""?waitPage=${waitPageInfo.pageNum + 1}&bookPage=${bookPageInfo.pageNum}"" class=""btn-wire"">?ㅼ쓬</a>"
"C:\spring_workspace\GourmetPass\src\main\webapp\WEB-INF\views\wait\wait_history.jsp","91","<%-- ?덉빟 ?댁뿭 ?뱀뀡 --%>"
"C:\spring_workspace\GourmetPass\src\main\webapp\WEB-INF\views\wait\wait_history.jsp","94","<h3 class=""card-title"">?뱟 ?덉빟 ?댁뿭</h3>"
"C:\spring_workspace\GourmetPass\src\main\webapp\WEB-INF\views\wait\wait_history.jsp","105","<span class=""history-tag"">[?덉빟]</span>"
"C:\spring_workspace\GourmetPass\src\main\webapp\WEB-INF\views\wait\wait_history.jsp","116","data-message=""寃곗젣 ?곸꽭 ?뺣낫瑜??뺤씤?⑸땲??"">寃곗젣?댁뿭</button> -->"
"C:\spring_workspace\GourmetPass\src\main\webapp\WEB-INF\views\wait\wait_history.jsp","120","data-url=""<c:url value='/review/write?store_id=${b.store_id}&book_id=${b.book_id}'/>"">由щ럭 ?묒꽦</button>"
"C:\spring_workspace\GourmetPass\src\main\webapp\WEB-INF\views\wait\wait_history.jsp","123","<span class=""text-done"">由щ럭?꾨즺</span>"
"C:\spring_workspace\GourmetPass\src\main\webapp\WEB-INF\views\wait\wait_history.jsp","127","data-return-url=""/member/history?waitPage=${waitPageInfo.pageNum}&bookPage=${bookPageInfo.pageNum}"">??젣</button>"
"C:\spring_workspace\GourmetPass\src\main\webapp\WEB-INF\views\wait\wait_history.jsp","133","<span class=""text-done text-done--success"">諛⑸Ц?덉젙</span>"
"C:\spring_workspace\GourmetPass\src\main\webapp\WEB-INF\views\wait\wait_history.jsp","135","<%-- 痍⑥냼 泥섎━???④꺼吏???--%>"
"C:\spring_workspace\GourmetPass\src\main\webapp\WEB-INF\views\wait\wait_history.jsp","142","style=""padding: 4px 8px; font-size: 11px;"">?덉빟痍⑥냼</button>"
"C:\spring_workspace\GourmetPass\src\main\webapp\WEB-INF\views\wait\wait_history.jsp","147","<span class=""text-done text-done--cancel"">?덉빟痍⑥냼</span>"
"C:\spring_workspace\GourmetPass\src\main\webapp\WEB-INF\views\wait\wait_history.jsp","157","<div class=""status-empty"">?덉빟 ?댁뿭???놁뒿?덈떎.</div>"
"C:\spring_workspace\GourmetPass\src\main\webapp\WEB-INF\views\wait\wait_history.jsp","162","<%-- ?덉빟 ?섏씠吏?--%>"
"C:\spring_workspace\GourmetPass\src\main\webapp\WEB-INF\views\wait\wait_history.jsp","166","<a href=""?waitPage=${waitPageInfo.pageNum}&bookPage=${bookPageInfo.pageNum - 1}"" class=""btn-wire"">?댁쟾</a>"
"C:\spring_workspace\GourmetPass\src\main\webapp\WEB-INF\views\wait\wait_history.jsp","169","<%-- ???섏젙: fn:length() ?ъ슜 --%>"
"C:\spring_workspace\GourmetPass\src\main\webapp\WEB-INF\views\wait\wait_history.jsp","178","<a href=""?waitPage=${waitPageInfo.pageNum}&bookPage=${bookPageInfo.pageNum + 1}"" class=""btn-wire"">?ㅼ쓬</a>"
"C:\spring_workspace\GourmetPass\src\main\webapp\WEB-INF\views\wait\wait_history.jsp","184","<%-- ?섎떒 ?ㅻ퉬寃뚯씠??踰꾪듉 --%>"
"C:\spring_workspace\GourmetPass\src\main\webapp\WEB-INF\views\wait\wait_history.jsp","186","<button type=""button"" class=""btn-wire"" style=""width: 200px; height: 55px;"" onclick=""location.href='<c:url value='/member/wait_status'/>'"">?댁슜 ?꾪솴?쇰줈</button>"
"C:\spring_workspace\GourmetPass\src\main\webapp\WEB-INF\views\wait\wait_history.jsp","194","// 由щ럭 ??젣 踰꾪듉 ?대깽??泥섎━"
"C:\spring_workspace\GourmetPass\src\main\webapp\WEB-INF\views\wait\wait_history.jsp","207","// JS 怨듯넻 湲곕뒫"
"C:\spring_workspace\GourmetPass\src\main\webapp\WEB-INF\views\wait\wait_history.jsp","217","<%-- JSP ?섎떒 --%>"
"C:\spring_workspace\GourmetPass\src\main\webapp\WEB-INF\views\wait\wait_history.jsp","221","// ?섏씠吏 媛쒕퀎?곸쑝濡??꾩슂????젣 ?뺤씤李??깅쭔 ?④퉩?덈떎."
"C:\spring_workspace\GourmetPass\src\main\webapp\WEB-INF\views\wait\wait_status.jsp","10","<%-- 怨듭슜 ?ㅽ??쇱떆???곌껐 --%>"
"C:\spring_workspace\GourmetPass\src\main\webapp\WEB-INF\views\wait\wait_status.jsp","18","<%-- ?ㅼ떆媛??뚮┝ ?쇱씠釉뚮윭由?--%>"
"C:\spring_workspace\GourmetPass\src\main\webapp\WEB-INF\views\wait\wait_status.jsp","27","<div class=""edit-title"">?뱟 ?섏쓽 ?ㅼ떆媛??댁슜 ?꾪솴</div>"
"C:\spring_workspace\GourmetPass\src\main\webapp\WEB-INF\views\wait\wait_status.jsp","29","<%-- 1. 吏꾪뻾 以묒씤 ?쒕퉬??(?ㅼ떆媛?移대뱶) --%>"
"C:\spring_workspace\GourmetPass\src\main\webapp\WEB-INF\views\wait\wait_status.jsp","32","<h3 class=""card-title"">?뵦 吏꾪뻾 以묒씤 ?쒕퉬??/h3>"
"C:\spring_workspace\GourmetPass\src\main\webapp\WEB-INF\views\wait\wait_status.jsp","33","<span class=""badge-wire"">?꾩옱 ?쒕룞 以?/span>"
"C:\spring_workspace\GourmetPass\src\main\webapp\WEB-INF\views\wait\wait_status.jsp","38","<%-- ?⑥씠??移대뱶 --%>"
"C:\spring_workspace\GourmetPass\src\main\webapp\WEB-INF\views\wait\wait_status.jsp","46","<span class=""badge-wire badge-ing"">?띂截??앹궗 以?/span>"
"C:\spring_workspace\GourmetPass\src\main\webapp\WEB-INF\views\wait\wait_status.jsp","49","<span class=""badge-wire badge-call"">?뱼 ?낆옣 ?몄텧!</span>"
"C:\spring_workspace\GourmetPass\src\main\webapp\WEB-INF\views\wait\wait_status.jsp","54","<span class=""badge-wire badge-call"">?? 怨??낆옣!</span>"
"C:\spring_workspace\GourmetPass\src\main\webapp\WEB-INF\views\wait\wait_status.jsp","59","<span class=""badge-wire"">?슯 ?⑥씠??以?/span>"
"C:\spring_workspace\GourmetPass\src\main\webapp\WEB-INF\views\wait\wait_status.jsp","66","<span class=""dining-msg"">留쏆엳???앹궗 ?섏꽭??</span>"
"C:\spring_workspace\GourmetPass\src\main\webapp\WEB-INF\views\wait\wait_status.jsp","68","<c:otherwise>?湲?踰덊샇: <b class=""status-highlight"">${activeWait.wait_num}踰?/b>"
"C:\spring_workspace\GourmetPass\src\main\webapp\WEB-INF\views\wait\wait_status.jsp","78","data-wait-id=""${activeWait.wait_id}"">?⑥씠??痍⑥냼</button>"
"C:\spring_workspace\GourmetPass\src\main\webapp\WEB-INF\views\wait\wait_status.jsp","82","data-message=""寃곗젣 ?곸꽭 湲곕뒫 以鍮?以묒엯?덈떎."">二쇰Ц ?뺤씤</button>"
"C:\spring_workspace\GourmetPass\src\main\webapp\WEB-INF\views\wait\wait_status.jsp","89","<%-- ?덉빟 移대뱶 --%>"
"C:\spring_workspace\GourmetPass\src\main\webapp\WEB-INF\views\wait\wait_status.jsp","90","<%-- ?덉빟 移대뱶 ?대? --%>"
"C:\spring_workspace\GourmetPass\src\main\webapp\WEB-INF\views\wait\wait_status.jsp","95","<span class=""badge-wire"">?뱟 ?덉빟 ?뺤젙</span>"
"C:\spring_workspace\GourmetPass\src\main\webapp\WEB-INF\views\wait\wait_status.jsp","98","諛⑸Ц ?쇱떆: <b><fmt:formatDate value=""${activeBook.book_date}"""
"C:\spring_workspace\GourmetPass\src\main\webapp\WEB-INF\views\wait\wait_status.jsp","104","<div class=""status-visit-label"">諛⑸Ц ?덉젙</div>"
"C:\spring_workspace\GourmetPass\src\main\webapp\WEB-INF\views\wait\wait_status.jsp","106","<%-- ?덉빟 痍⑥냼 ??--%>"
"C:\spring_workspace\GourmetPass\src\main\webapp\WEB-INF\views\wait\wait_status.jsp","113","<%-- 痍⑥냼 踰꾪듉 --%>"
"C:\spring_workspace\GourmetPass\src\main\webapp\WEB-INF\views\wait\wait_status.jsp","116","data-payid=""${activeBook.pay_id}"">?덉빟 痍⑥냼</button>"
"C:\spring_workspace\GourmetPass\src\main\webapp\WEB-INF\views\wait\wait_status.jsp","124","<div class=""status-empty"">?꾩옱 ?댁슜 以묒씤 ?쒕퉬?ㅺ? ?놁뒿?덈떎.</div>"
"C:\spring_workspace\GourmetPass\src\main\webapp\WEB-INF\views\wait\wait_status.jsp","129","<%-- 2. ?댁슜 ?덉뒪?좊━ (寃곗젣 諛?由щ럭 ?듯빀) --%>"
"C:\spring_workspace\GourmetPass\src\main\webapp\WEB-INF\views\wait\wait_status.jsp","130","<%-- 2. ?댁슜 ?덉뒪?좊━ (寃곗젣 諛?由щ럭 ?듯빀) --%>"
"C:\spring_workspace\GourmetPass\src\main\webapp\WEB-INF\views\wait\wait_status.jsp","134","<h3 class=""card-title"">?뱶 理쒓렐 ?댁슜 ?댁뿭</h3>&nbsp;&nbsp;"
"C:\spring_workspace\GourmetPass\src\main\webapp\WEB-INF\views\wait\wait_status.jsp","137","?꾩껜蹂닿린 ??</a>"
"C:\spring_workspace\GourmetPass\src\main\webapp\WEB-INF\views\wait\wait_status.jsp","141","<%-- ?⑥씠???뱀뀡 --%>"
"C:\spring_workspace\GourmetPass\src\main\webapp\WEB-INF\views\wait\wait_status.jsp","144","<h4 class=""history-section-title"">?슯 ?⑥씠??/h4>"
"C:\spring_workspace\GourmetPass\src\main\webapp\WEB-INF\views\wait\wait_status.jsp","149","<span class=""history-tag"">[?⑥씠??</span>"
"C:\spring_workspace\GourmetPass\src\main\webapp\WEB-INF\views\wait\wait_status.jsp","150","<%-- ???쒓컙 ?쒖떆 ?섏젙: ?쒕텇 ?ы븿 --%>"
"C:\spring_workspace\GourmetPass\src\main\webapp\WEB-INF\views\wait\wait_status.jsp","163","data-url=""<c:url value='/review/write?store_id=${w.store_id}&wait_id=${w.wait_id}'/>"">由щ럭 ?묒꽦</button>"
"C:\spring_workspace\GourmetPass\src\main\webapp\WEB-INF\views\wait\wait_status.jsp","166","<span class=""text-done"">由щ럭?꾨즺</span>"
"C:\spring_workspace\GourmetPass\src\main\webapp\WEB-INF\views\wait\wait_status.jsp","169","data-return-url=""/member/wait_status"">??젣</button>"
"C:\spring_workspace\GourmetPass\src\main\webapp\WEB-INF\views\wait\wait_status.jsp","174","<span class=""text-done text-done--danger"">痍⑥냼??/span>"
"C:\spring_workspace\GourmetPass\src\main\webapp\WEB-INF\views\wait\wait_status.jsp","182","<%-- ?덉빟 ?뱀뀡 --%>"
"C:\spring_workspace\GourmetPass\src\main\webapp\WEB-INF\views\wait\wait_status.jsp","185","<h4 class=""history-section-title"">?뱟 ?덉빟</h4>"
"C:\spring_workspace\GourmetPass\src\main\webapp\WEB-INF\views\wait\wait_status.jsp","190","<span class=""history-tag"">[?덉빟]</span>"
"C:\spring_workspace\GourmetPass\src\main\webapp\WEB-INF\views\wait\wait_status.jsp","191","<%-- ???쒓컙 ?쒖떆 ?섏젙: ?쒕텇 ?ы븿 --%>"
"C:\spring_workspace\GourmetPass\src\main\webapp\WEB-INF\views\wait\wait_status.jsp","202","data-message=""寃곗젣 ?곸꽭 ?뺣낫瑜??뺤씤?⑸땲??"">寃곗젣?댁뿭</button> -->"
"C:\spring_workspace\GourmetPass\src\main\webapp\WEB-INF\views\wait\wait_status.jsp","206","data-url=""<c:url value='/review/write?store_id=${b.store_id}&book_id=${b.book_id}'/>"">由щ럭 ?묒꽦</button>"
"C:\spring_workspace\GourmetPass\src\main\webapp\WEB-INF\views\wait\wait_status.jsp","209","<span class=""text-done"">由щ럭?꾨즺</span>"
"C:\spring_workspace\GourmetPass\src\main\webapp\WEB-INF\views\wait\wait_status.jsp","212","data-return-url=""/member/wait_status"">??젣</button>"
"C:\spring_workspace\GourmetPass\src\main\webapp\WEB-INF\views\wait\wait_status.jsp","217","<span class=""text-done text-done--success"">諛⑸Ц?덉젙</span>"
"C:\spring_workspace\GourmetPass\src\main\webapp\WEB-INF\views\wait\wait_status.jsp","220","<span class=""text-done text-done--cancel"">?덉빟痍⑥냼</span>"
"C:\spring_workspace\GourmetPass\src\main\webapp\WEB-INF\views\wait\wait_status.jsp","231","<%-- ?댁뿭???놁쓣 ??--%>"
"C:\spring_workspace\GourmetPass\src\main\webapp\WEB-INF\views\wait\wait_status.jsp","233","<div class=""status-empty"">理쒓렐 ?댁슜 ?댁뿭???놁뒿?덈떎.</div>"
"C:\spring_workspace\GourmetPass\src\main\webapp\WEB-INF\views\wait\wait_status.jsp","244","// 由щ럭 ??젣 踰꾪듉 ?대깽??泥섎━"
